Province,Year,carbon_price_per_tCO2e,Quintile,Households,gas_exp,ng_exp,oil_exp,total_exp,gasoline_price,heating_oil_price,gasoline_litres,oil_litres,ng_GJ_per_dollar,ng_GJ,ng_m3,Gasoline,Light fuel oil,Marketable natural gas,ng_rate_per_GJ,tax_gasoline,tax_oil,tax_ng,direct_tax,direct_tax_avg_prov_year,finance_cost_impact_anchor,kappa_anchor_implied,kappa_ols_fitted,kappa_source,kappa,indirect_cost,gross_cost,CCR_single_base,CCR_couple_base,CCR_family4_base,CCR_single_rural,CCR_couple_rural,CCR_family4_rural,net_single_base,net_couple_base,net_family4_base,net_single_rural,net_couple_rural,net_family4_rural,etr_direct_tax,etr_gross_cost,etr_net_single_base,etr_net_couple_base,etr_net_family4_base,etr_net_single_rural,etr_net_couple_rural,etr_net_family4_rural
Ontario,2019,20.0,Lowest quintile,1176865.0,1187.0,333.0,101.0,38714.0,1.2092500000000002,1.3276666666666668,981.6001653917716,76.0733115741903,0.0720192545,23.982411748500002,643.9997026824706,0.0442,0.0537,0.0391,1.0499523000000002,43.38672731031631,4.085136831534019,25.180388374884604,72.65225251673493,157.4988702598243,,,0.8192808943405402,ols_fitted,0.8192808943405402,59.52260241776537,132.1748549345003,154,231,307,169.4,254.10000000000002,337.70000000000005,-21.825145065499697,-98.8251450654997,-174.8251450654997,-37.2251450654997,-121.92514506549972,-205.52514506549974,0.0018766402985156516,0.003414135840639053,-0.0005637532950741256,-0.0025526978629307148,-0.004515811981854102,-0.0009615422086454436,-0.0031493812332876923,-0.005308806764103419
Ontario,2020,30.0,Lowest quintile,1208939.0,1247.0,369.5,102.0,39703.0,1.0371666666666668,1.1747500000000002,1202.3139964647276,86.82698446477973,0.0720192545,26.61111453775,714.5882586822008,0.0663,0.0805,0.0587,1.5762711000000003,79.71341796561143,6.989572249414768,41.94633078464519,128.64932099967137,246.33961903285788,,,0.776757421436647,ols_fitted,0.776757421436647,99.92931484928022,228.5786358489516,224,336,448,246.40000000000003,369.6,492.80000000000007,4.578635848951592,-107.42136415104841,-219.4213641510484,-17.821364151048442,-141.02136415104843,-264.2213641510485,0.0032402921945362158,0.005757213204265461,0.00011532216328618976,-0.002705623357203446,-0.005526568877693081,-0.0004488669408117382,-0.003551907013350337,-0.006654947085888937
Ontario,2021,40.0,Lowest quintile,1286480.0,1307.0,406.0,103.0,40692.0,1.3430555555555554,1.4099444444444444,973.1540847983455,73.05252374010009,0.0720192545,29.239817327,785.1768146819311,0.0884,0.1073,0.0783,2.1025899,86.02682109617375,7.83853579731274,61.47934458959519,155.34470148308168,267.4640178569544,439.0,0.6413422766825658,0.734233948532754,anchor,0.6413422766825658,99.62912451973315,254.97382600281483,300,450,600,330.0,495.00000000000006,660.0,-45.02617399718517,-195.02617399718517,-345.0261739971852,-75.02617399718517,-240.02617399718523,-405.0261739971852,0.0038175735152629923,0.006265944804944825,-0.0011065116975618099,-0.004792739948815128,-0.008478968200068446,-0.0018437573478124734,-0.0058986084241911246,-0.009953459500569773
Ontario,2022,50.0,Lowest quintile,1404370.0,1131.0,489.5,103.0,42659.5,1.699888888888889,2.1819444444444445,665.337603764952,47.20560152768937,0.0720192545,35.25342507775,946.6602236128209,0.1105,0.1341,0.0979,2.6289087,73.5198052160272,6.330271164863144,92.67803589169516,172.5281122725855,318.35801500573575,578.0,0.8155660380957783,0.6917104756288609,anchor,0.8155660380957783,140.70806898629618,313.2361812588817,373,559,745,410.3,614.9000000000001,819.5000000000001,-59.763818741118314,-245.7638187411183,-431.7638187411183,-97.06381874111833,-301.6638187411184,-506.2638187411184,0.004044306948571491,0.0073427063434611676,-0.0014009498175346245,-0.005761057179318049,-0.010121164541101473,-0.002275315433634204,-0.007071433531595973,-0.01186755162955774
Ontario,2023,65.0,Lowest quintile,1453486.0,955.0,573.0,103.0,44627.0,1.5588333333333333,1.9092500000000001,612.6376563669411,53.94788529527301,0.0720192545,41.2670328285,1108.1436325437105,0.1431,0.1738,0.1239,3.3270867,87.66844862610927,9.37614246431845,137.29899607216575,234.34358716259345,456.5560821954026,,,0.6279252662730213,ols_fitted,0.6279252662730213,147.15025936844648,381.49384653103994,488,732,976,536.8000000000001,805.2,1073.6000000000001,-106.50615346896006,-350.50615346896006,-594.5061534689601,-155.30615346896013,-423.7061534689601,-692.1061534689602,0.005251161565029992,0.008548498588994105,-0.002386585552893093,-0.007854127623836693,-0.013321669694780292,-0.0034800939670818144,-0.009494390245119774,-0.015508686523157735
Ontario,2024,80.0,Lowest quintile,1417179.0,955.0,573.0,103.0,44627.0,1.5688333333333333,1.6484722222222223,608.7326038457453,62.48209621703597,0.0720192545,41.2670328285,1108.1436325437105,0.1761,0.2139,0.1525,4.0950825,107.19781153723575,13.364920380823996,168.99190396291587,289.55463588097564,566.7972272859507,869.0,0.5331761663004522,0.5641400569171817,anchor,0.5331761663004522,154.38363069354193,443.93826657451757,560,840,1120,672.0,1008.0,1344.0,-116.06173342548243,-396.06173342548243,-676.0617334254824,-228.06173342548243,-564.0617334254824,-900.0617334254824,0.006488328498016349,0.009947750612286678,-0.0026007065997150254,-0.008874935205715877,-0.015149163811716729,-0.005110398042115365,-0.012639472369316387,-0.02016854669651741
Ontario,2025,0.0,Lowest quintile,1417179.0,955.0,573.0,103.0,44627.0,1.3905277777777778,1.5716111111111113,686.7895882858227,65.53784156385873,0.0720192545,41.2670328285,1108.1436325437105,0.0,0.0,0.0,0.0,0.0,0.0,0.0,0.0,0.0,,,0.0,zero_price,0.0,0.0,0.0,0,0,0,0.0,0.0,0.0,0.0,0.0,0.0,0.0,0.0,0.0,0.0,0.0,0.0,0.0,0.0,0.0,0.0,0.0
Ontario,2019,20.0,Second quintile,1045892.0,1760.0,739.0,68.0,61243.0,1.2092500000000002,1.3276666666666668,1455.4475914823236,51.21767511925684,0.0720192545,53.2222290755,1429.1765173644017,0.0442,0.0537,0.0391,1.0499523000000002,64.3307835435187,2.7503891539040923,55.88080182894811,122.96197452637091,157.4988702598243,,,0.8192808943405402,ols_fitted,0.8192808943405402,100.74039645984388,223.7023709862148,154,231,307,169.4,254.10000000000002,337.70000000000005,69.70237098621479,-7.297629013785212,-83.29762901378521,54.30237098621478,-30.397629013785235,-113.99762901378526,0.0020077719008926883,0.0036527010594878564,0.001138127965419963,-0.00011915858161398384,-0.001360116731933204,0.0008866706560131735,-0.0004963445457241682,-0.0018613985110753108
Ontario,2020,30.0,Second quintile,1054243.0,1512.5,662.5,94.0,58542.5,1.0371666666666668,1.1747500000000002,1458.299855375221,80.01702489891466,0.0720192545,47.712756106250005,1281.2306397211314,0.0663,0.0805,0.0587,1.5762711000000003,96.68528041137714,6.44137050436263,75.20823855163043,178.3348894673702,246.33961903285788,,,0.776757421436647,ols_fitted,0.776757421436647,138.52294889486393,316.85783836223413,224,336,448,246.40000000000003,369.6,492.80000000000007,92.85783836223413,-19.142161637765867,-131.14216163776587,70.4578383622341,-52.74216163776589,-175.94216163776593,0.0030462465639043467,0.0054124411899429325,0.0015861611369899498,-0.00032697888948654167,-0.002240118915963033,0.001203533131694651,-0.0009009208974294895,-0.003005374926553631
Ontario,2021,40.0,Second quintile,1051434.0,1265.0,586.0,120.0,55842.0,1.3430555555555554,1.4099444444444444,941.8821096173734,85.1097363962331,0.0720192545,42.203283137,1133.2847620778612,0.0884,0.1073,0.0783,2.1025899,83.26237849017582,9.132274715315813,88.73619687069652,181.13085007618815,267.4640178569544,439.0,0.6413422766825658,0.734233948532754,anchor,0.6413422766825658,116.16687176531099,297.29772184149914,300,450,600,330.0,495.00000000000006,660.0,-2.70227815850086,-152.70227815850086,-302.70227815850086,-32.70227815850086,-197.70227815850092,-362.70227815850086,0.003243631139217581,0.005323908918761848,-4.8391500277584256e-05,-0.0027345417097973004,-0.005420691919317017,-0.0005856215421815276,-0.0035403867726532165,-0.006495152003124904
Ontario,2022,50.0,Second quintile,1028033.0,1719.0,703.5,137.0,64912.5,1.699888888888889,2.1819444444444445,1011.2425648735211,62.78803309993634,0.0720192545,50.66554554075,1360.52189440576,0.1105,0.1341,0.0979,2.6289087,111.74230341852409,8.419875238701463,133.1950934623239,253.35727211954946,318.35801500573575,578.0,0.8155660380957783,0.6917104756288609,anchor,0.8155660380957783,206.62958664529498,459.98685876484444,373,559,745,410.3,614.9000000000001,819.5000000000001,86.98685876484444,-99.01314123515556,-285.01314123515556,49.68685876484443,-154.91314123515565,-359.5131412351557,0.0039030583034014936,0.007086260100363481,0.001340063296974303,-0.0015253324280401395,-0.004390728153054582,0.000765443616635385,-0.002386491680880503,-0.00553842697839639
Ontario,2023,65.0,Second quintile,1047929.0,2173.0,821.0,154.0,73983.0,1.5588333333333333,1.9092500000000001,1393.9912327595425,80.65994500458295,0.0720192545,59.127807944500006,1587.7590267336589,0.1431,0.1738,0.1239,3.3270867,199.48014540789055,14.018698441796518,196.72334341230032,410.2221872619874,456.5560821954026,,,0.6279252662730213,ols_fitted,0.6279252662730213,257.58887616758466,667.8110634295721,488,732,976,536.8000000000001,805.2,1073.6000000000001,179.81106342957207,-64.18893657042793,-308.1889365704279,131.011063429572,-137.38893657042797,-405.78893657042806,0.005544816880391271,0.009026547496446104,0.002430437579302976,-0.0008676173792685878,-0.004165672337840151,0.0017708265875886623,-0.0018570338668400575,-0.005484894321268779
Ontario,2024,80.0,Second quintile,1099841.0,2173.0,821.0,154.0,73983.0,1.5688333333333333,1.6484722222222223,1385.105704876235,93.41983317886931,0.0720192545,59.127807944500006,1587.7590267336589,0.1761,0.2139,0.1525,4.0950825,243.91711462870498,19.982502316960147,242.13325157688297,506.0328685225481,566.7972272859507,869.0,0.5331761663004522,0.5641400569171817,anchor,0.5331761663004522,269.80466486087295,775.837533383421,560,840,1120,672.0,1008.0,1344.0,215.83753338342103,-64.16246661657897,-344.16246661657897,103.83753338342103,-232.16246661657897,-568.162466616579,0.0068398533247171385,0.010486700098447224,0.0029173936361518325,-0.0008672595949958634,-0.004651912826143559,0.0014035323436927542,-0.003138051533684481,-0.0076796354110617165
Ontario,2025,0.0,Second quintile,1099841.0,2173.0,821.0,154.0,73983.0,1.3905277777777778,1.5716111111111113,1562.7159951257515,97.98861748382762,0.0720192545,59.127807944500006,1587.7590267336589,0.0,0.0,0.0,0.0,0.0,0.0,0.0,0.0,0.0,,,0.0,zero_price,0.0,0.0,0.0,0,0,0,0.0,0.0,0.0,0.0,0.0,0.0,0.0,0.0,0.0,0.0,0.0,0.0,0.0,0.0,0.0,0.0,0.0
Ontario,2019,20.0,Third quintile,1102064.0,2696.0,839.0,149.0,80919.0,1.2092500000000002,1.3276666666666668,2229.4810833161046,112.22696459954807,0.0720192545,60.4241545255,1622.5698214732515,0.0442,0.0537,0.0391,1.0499523000000002,98.54306388257183,6.026587998995731,63.44248001960415,168.0121319011717,157.4988702598243,,,0.8192808943405402,ols_fitted,0.8192808943405402,137.64912968405275,305.66126158522445,154,231,307,169.4,254.10000000000002,337.70000000000005,151.66126158522445,74.66126158522445,-1.3387384147755483,136.26126158522445,51.56126158522443,-32.038738414775594,0.002076300150782532,0.003777373195235043,0.0018742354896282016,0.000922666636824781,-1.6544178929244657e-05,0.0016839217190675175,0.0006371959809837545,-0.000395935916345674
Ontario,2020,30.0,Third quintile,1097704.0,2151.0,807.5,147.0,81100.5,1.0371666666666668,1.1747500000000002,2073.919331512132,125.13300702277078,0.0720192545,58.15554800875,1561.650930678964,0.0663,0.0805,0.0587,1.5762711000000003,137.50085167925434,10.07320706533305,91.6689096308552,239.24296837544256,246.33961903285788,,,0.776757421436647,ols_fitted,0.776757421436647,185.83375121215806,425.0767195876006,224,336,448,246.40000000000003,369.6,492.80000000000007,201.07671958760062,89.07671958760062,-22.92328041239938,178.6767195876006,55.4767195876006,-67.72328041239945,0.0029499567619859627,0.00524135756977578,0.0024793524033464727,0.0010983498201318194,-0.000282652763082834,0.0022031518867035417,0.0006840490451674231,-0.0008350537963686962
Ontario,2021,40.0,Third quintile,1100936.0,1606.0,776.0,145.0,81282.0,1.3430555555555554,1.4099444444444444,1195.780765253361,102.84093147878167,0.0720192545,55.886941492000005,1500.7320398846762,0.0884,0.1073,0.0783,2.1025899,105.70701964839712,11.034831947673274,117.50731872297014,234.24917031904053,267.4640178569544,439.0,0.6413422766825658,0.734233948532754,anchor,0.6413422766825658,150.23389620341558,384.4830665224561,300,450,600,330.0,495.00000000000006,660.0,84.48306652245611,-65.51693347754389,-215.5169334775439,54.48306652245611,-110.51693347754394,-275.5169334775439,0.002881931673913542,0.004730236294904851,0.001039382231274527,-0.0008060448005406349,-0.002651471832355797,0.0006702968249114947,-0.0013596729100851842,-0.0033896426450818616
Ontario,2022,50.0,Third quintile,1076845.0,1862.0,829.5,145.5,88132.0,1.699888888888889,2.1819444444444445,1095.3657101771357,66.6836409929981,0.0720192545,59.73997160775,1604.1974575829108,0.1105,0.1341,0.0979,2.6289087,121.03791097457349,8.942276257161044,157.05093109736697,287.0311183291015,318.35801500573575,578.0,0.8155660380957783,0.6917104756288609,anchor,0.8155660380957783,234.09283198586587,521.1239503149674,373,559,745,410.3,614.9000000000001,819.5000000000001,148.12395031496737,-37.876049685032626,-223.87604968503263,110.82395031496736,-93.77604968503272,-298.37604968503274,0.003256832005731193,0.005912993581388909,0.001680705649650154,-0.0004297650079997348,-0.0025402356656496236,0.0012574768564762783,-0.0010640408669386002,-0.0033855585903534782
Ontario,2023,65.0,Third quintile,1133997.0,2118.0,883.0,146.0,94982.0,1.5588333333333333,1.9092500000000001,1358.7084357960014,76.46981799135786,0.0720192545,63.5930017235,1707.6628752811457,0.1431,0.1738,0.1239,3.3270867,194.4311771624078,13.290454366897997,211.57943024733396,419.30106177663976,456.5560821954026,,,0.6279252662730213,ols_fitted,0.6279252662730213,263.2897308646571,682.5907926412968,488,732,976,536.8000000000001,805.2,1073.6000000000001,194.59079264129684,-49.409207358703156,-293.40920735870316,145.79079264129678,-122.6092073587032,-391.0092073587033,0.0044145318247314205,0.007186527896246624,0.0020487123101355716,-0.0005201954829199549,-0.0030891032759754813,0.0015349307515244654,-0.0012908678208366133,-0.004116666393197693
Ontario,2024,80.0,Third quintile,1204098.0,2118.0,883.0,146.0,94982.0,1.5688333333333333,1.6484722222222223,1350.0478062254329,88.56685483191507,0.0720192545,63.5930017235,1707.6628752811457,0.1761,0.2139,0.1525,4.0950825,237.74341867629875,18.944450248546634,260.4185884803747,517.10645740522,566.7972272859507,869.0,0.5331761663004522,0.5641400569171817,anchor,0.5331761663004522,275.7088385285233,792.8152959337433,560,840,1120,672.0,1008.0,1344.0,232.8152959337433,-47.1847040662567,-327.1847040662567,120.8152959337433,-215.1847040662567,-551.1847040662567,0.005444257410932809,0.008347005705646789,0.0024511517543718106,-0.0004967752212656787,-0.003444702196903168,0.0012719809641168148,-0.0022655314066481725,-0.005803043777413159
Ontario,2025,0.0,Third quintile,1204098.0,2118.0,883.0,146.0,94982.0,1.3905277777777778,1.5716111111111113,1523.162668051699,92.89829969245996,0.0720192545,63.5930017235,1707.6628752811457,0.0,0.0,0.0,0.0,0.0,0.0,0.0,0.0,0.0,,,0.0,zero_price,0.0,0.0,0.0,0,0,0,0.0,0.0,0.0,0.0,0.0,0.0,0.0,0.0,0.0,0.0,0.0,0.0,0.0,0.0,0.0,0.0,0.0
Ontario,2019,20.0,Fourth quintile,1196578.0,3003.0,989.0,88.0,115686.0,1.2092500000000002,1.3276666666666668,2483.3574529667144,66.28169721315591,0.0720192545,71.22704270050001,1912.6597776365268,0.0442,0.0537,0.0391,1.0499523000000002,109.76439942112879,3.559327140346472,74.7849973055882,188.10872386706347,157.4988702598243,,,0.8192808943405402,ols_fitted,0.8192808943405402,154.1138835230655,342.222607390129,154,231,307,169.4,254.10000000000002,337.70000000000005,188.22260739012899,111.22260739012899,35.222607390128985,172.82260739012898,88.12260739012896,4.52260739012894,0.0016260284206132416,0.0029582024392763944,0.0016270128398434467,0.0009614180401269728,0.00030446732871850516,0.001493893879900152,0.0007617396002120306,3.9093817662715794e-05
Ontario,2020,30.0,Fourth quintile,1230810.0,2990.0,1003.0,132.5,116238.0,1.0371666666666668,1.1747500000000002,2882.853928973164,112.78995530964033,0.0720192545,72.2353122635,1939.7348402117657,0.0663,0.0805,0.0587,1.5762711000000003,191.13321549092075,9.079591402426047,113.86243512043066,314.0752420137775,246.33961903285788,,,0.776757421436647,ols_fitted,0.776757421436647,243.96027512371268,558.0355171374902,224,336,448,246.40000000000003,369.6,492.80000000000007,334.03551713749016,222.03551713749016,110.03551713749016,311.6355171374901,188.43551713749014,65.23551713749009,0.002702001428222935,0.004800801090327519,0.0028737204454437463,0.0019101801230018596,0.0009466398005599731,0.0026810123809553684,0.0016211180262692935,0.000561223671583218
Ontario,2021,40.0,Fourth quintile,1203756.0,2977.0,1017.0,177.0,116790.0,1.3430555555555554,1.4099444444444444,2216.5873836608066,125.53686118444384,0.0720192545,73.2435818265,1966.8099027870048,0.0884,0.1073,0.0783,2.1025899,195.9463247156153,13.470105205090825,154.00121538822245,363.41764530892857,267.4640178569544,439.0,0.6413422766825658,0.734233948532754,anchor,0.6413422766825658,233.07510002904547,596.492745337974,300,450,600,330.0,495.00000000000006,660.0,296.49274533797404,146.49274533797404,-3.5072546620259573,266.49274533797404,101.49274533797399,-63.50725466202596,0.0031117188569991317,0.005107395713143026,0.0025386826383934757,0.0012543261010187006,-3.003043635607464e-05,0.002281811330918521,0.0008690191398062675,-0.0005437730513059847
Ontario,2022,50.0,Fourth quintile,1231275.0,2788.0,1138.5,199.0,123029.0,1.699888888888889,2.1819444444444445,1640.107196548794,91.20305537873965,0.0720192545,81.99392124825,2201.7827672792573,0.1105,0.1341,0.0979,2.6289087,181.23184521864175,12.230329726288987,215.55453291663932,409.01670786157007,318.35801500573575,578.0,0.8155660380957783,0.6917104756288609,anchor,0.8155660380957783,333.58013594563914,742.5968438072092,373,559,745,410.3,614.9000000000001,819.5000000000001,369.5968438072092,183.5968438072092,-2.4031561927907887,332.2968438072092,127.69684380720912,-76.9031561927909,0.003324555250075755,0.0060359496038105585,0.0030041440945403866,0.0014923054223574053,-1.9533249825575992e-05,0.0027009635436133694,0.0010379410042120891,-0.0006250815351891904
Ontario,2023,65.0,Fourth quintile,1253681.0,2599.0,1260.0,221.0,129268.0,1.5588333333333333,1.9092500000000001,1667.2725328771517,115.75225874034307,0.0720192545,90.74426067,2436.7556317715103,0.1431,0.1738,0.1239,3.3270867,238.58669945472042,20.117742569071627,301.9140227764901,560.6184648002823,456.5560821954026,,,0.6279252662730213,ols_fitted,0.6279252662730213,352.0264987872896,912.6449635875719,488,732,976,536.8000000000001,805.2,1073.6000000000001,424.64496358757185,180.64496358757185,-63.35503641242815,375.8449635875718,107.4449635875718,-160.95503641242829,0.004336869641367409,0.007060099665714421,0.003284996778689017,0.0013974453351763146,-0.0004901061083363875,0.0029074864899864762,0.0008311799021225037,-0.0012451266857414695
Ontario,2024,80.0,Fourth quintile,1294338.0,2599.0,1260.0,221.0,129268.0,1.5688333333333333,1.6484722222222223,1656.6450653351749,134.06352683461117,0.0720192545,90.74426067,2436.7556317715103,0.1761,0.2139,0.1525,4.0950825,291.7351960055243,28.67618838992333,371.6052338451553,692.0166182406028,566.7972272859507,869.0,0.5331761663004522,0.5641400569171817,anchor,0.5331761663004522,368.96676752972826,1060.983385770331,560,840,1120,672.0,1008.0,1344.0,500.9833857703311,220.9833857703311,-59.0166142296689,388.9833857703311,52.9833857703311,-283.0166142296689,0.005353348224159133,0.008207625907187634,0.003875540626994547,0.0017094979868980033,-0.00045654465319854026,0.0030091235709559295,0.0004098724028400772,-0.002189378765275775
Ontario,2025,0.0,Fourth quintile,1294338.0,2599.0,1260.0,221.0,129268.0,1.3905277777777778,1.5716111111111113,1869.0744920993227,140.62002898653185,0.0720192545,90.74426067,2436.7556317715103,0.0,0.0,0.0,0.0,0.0,0.0,0.0,0.0,0.0,,,0.0,zero_price,0.0,0.0,0.0,0,0,0,0.0,0.0,0.0,0.0,0.0,0.0,0.0,0.0,0.0,0.0,0.0,0.0,0.0,0.0,0.0,0.0,0.0
Ontario,2019,20.0,Highest quintile,1241804.0,3609.0,1151.0,228.0,189998.0,1.2092500000000002,1.3276666666666668,2984.49452139756,171.7298518704494,0.0720192545,82.8941619295,2225.9569302928635,0.0442,0.0537,0.0391,1.0499523000000002,131.91465784577218,9.221893045443133,87.03491597445098,228.17146686566628,157.4988702598243,,,0.8192808943405402,ols_fitted,0.8192808943405402,186.936523436696,415.1079903023623,154,231,307,169.4,254.10000000000002,337.70000000000005,261.1079903023623,184.10799030236228,108.10799030236228,245.70799030236228,161.00799030236226,77.40799030236224,0.0012009150983992793,0.0021848018942428986,0.0013742670465076595,0.0009689996226400398,0.0005689954120694022,0.0012932135617341354,0.0008474193954797537,0.00040741476385205234
Ontario,2020,30.0,Highest quintile,1240126.0,3206.5,1208.0,231.0,191006.0,1.0371666666666668,1.1747500000000002,3091.595693395468,196.6375824643541,0.0720192545,86.999259436,2336.191113634908,0.0663,0.0805,0.0587,1.5762711000000003,204.97279447211952,15.829325388380505,137.13441837036913,357.93653823086913,246.33961903285788,,,0.776757421436647,ols_fitted,0.776757421436647,278.0298624741697,635.9664007050388,224,336,448,246.40000000000003,369.6,492.80000000000007,411.96640070503884,299.96640070503884,187.96640070503884,389.5664007050388,266.3664007050388,143.16640070503877,0.0018739544214886922,0.0033295624258140523,0.002156824396642194,0.0015704553820562643,0.000984086367470335,0.0020395505937250077,0.0013945446776804855,0.0007495387616359631
Ontario,2021,40.0,Highest quintile,1234204.0,2804.0,1265.0,234.0,192014.0,1.3430555555555554,1.4099444444444444,2087.7766287487075,165.96398597265457,0.0720192545,91.1043569425,2446.4252969769527,0.0884,0.1073,0.0783,2.1025899,184.55945398138576,17.807935694865836,191.5551007532954,393.922490429547,267.4640178569544,439.0,0.6413422766825658,0.734233948532754,anchor,0.6413422766825658,252.63914684855195,646.5616372780989,300,450,600,330.0,495.00000000000006,660.0,346.56163727809894,196.56163727809894,46.56163727809894,316.56163727809894,151.56163727809889,-13.438362721901058,0.0020515300469213025,0.003367262997896502,0.0018048769218812115,0.0010236838838735662,0.00024249084586592094,0.0016486383142796824,0.0007893259724712724,-6.998636933713717e-05
Ontario,2022,50.0,Highest quintile,1252949.0,2906.5,1416.0,259.5,218788.0,1.699888888888889,2.1819444444444445,1709.8176351395514,118.9306174411203,0.0720192545,101.979264372,2738.4491861813162,0.1105,0.1341,0.0979,2.6289087,188.93484868292043,15.948595798854232,268.0941753271509,472.9776198089255,318.35801500573575,578.0,0.8155660380957783,0.6917104756288609,anchor,0.8155660380957783,385.74448349553666,858.7221033044622,373,559,745,410.3,614.9000000000001,819.5000000000001,485.72210330446217,299.72210330446217,113.72210330446217,448.42210330446215,243.82210330446208,39.22210330446205,0.002161807867931173,0.0039249049459040815,0.002220058244988126,0.0013699202118236018,0.0005197821786590771,0.002049573574896531,0.0011144217384155533,0.00017926990193457617
Ontario,2023,65.0,Highest quintile,1281498.0,3009.0,1567.0,285.0,245562.0,1.5588333333333333,1.9092500000000001,1930.2897466053673,149.27327484614378,0.0720192545,112.8541718015,3030.4730753856797,0.1431,0.1738,0.1239,3.3270867,276.2244627392281,25.94369516825979,375.47561404028573,677.6437719477736,456.5560821954026,,,0.6279252662730213,ols_fitted,0.6279252662730213,425.5096459385603,1103.153417886334,488,732,976,536.8000000000001,805.2,1073.6000000000001,615.153417886334,371.15341788633395,127.15341788633395,566.3534178863339,297.9534178863339,29.55341788633382,0.00275956284745919,0.004492362083247139,0.0025050839213165473,0.0015114448403512513,0.0005178057593859552,0.002306356105123488,0.0012133531160616624,0.00012035012699983637
Ontario,2024,80.0,Highest quintile,1323606.0,3009.0,1567.0,285.0,245562.0,1.5688333333333333,1.6484722222222223,1917.9857643684268,172.88735361024516,0.0720192545,112.8541718015,3030.4730753856797,0.1761,0.2139,0.1525,4.0950825,337.75729310528,36.98060493723144,462.1471439963162,836.8850420388276,566.7972272859507,869.0,0.5331761663004522,0.5641400569171817,anchor,0.5331761663004522,446.20715834845487,1283.0922003872824,560,840,1120,672.0,1008.0,1344.0,723.0922003872824,443.09220038728245,163.09220038728245,611.0922003872824,275.09220038728245,-60.907799612717554,0.0034080396887092774,0.005225125224535076,0.002944642087893414,0.0018044005195725823,0.0006641589512517509,0.0024885454605650813,0.0011202555785800835,-0.00024803430340491426
Ontario,2025,0.0,Highest quintile,1323606.0,3009.0,1567.0,285.0,245562.0,1.3905277777777778,1.5716111111111113,2163.9265666513515,181.34257131747322,0.0720192545,112.8541718015,3030.4730753856797,0.0,0.0,0.0,0.0,0.0,0.0,0.0,0.0,0.0,,,0.0,zero_price,0.0,0.0,0.0,0,0,0,0.0,0.0,0.0,0.0,0.0,0.0,0.0,0.0,0.0,0.0,0.0,0.0,0.0,0.0,0.0,0.0,0.0
Manitoba,2019,20.0,Lowest quintile,95302.0,1067.0,191.0,,38514.0,1.0903333333333334,1.1460000000000001,978.5998165698563,,0.1386298932,26.4783096012,711.0220477210237,0.0442,0.0537,0.0391,1.0499523000000002,43.254111892387655,,27.800962065892026,71.05507395827968,173.1928806381465,,,0.8073199488452509,ols_fitted,0.8073199488452509,57.36417867319386,128.41925263147354,170,255,339,187.00000000000003,280.5,372.90000000000003,-41.58074736852646,-126.58074736852646,-210.58074736852646,-58.58074736852649,-152.08074736852646,-244.4807473685265,0.0018449154582302456,0.0033343525115924998,-0.0010796268205983917,-0.0032866164866938376,-0.005467641568482278,-0.0015210247538174817,-0.0039487133865224715,-0.006347840976489757
Manitoba,2020,30.0,Lowest quintile,103788.0,1110.0,197.0,,38633.0,0.93675,0.9580833333333334,1184.9479583666935,,0.1386298932,27.310088960399998,733.3578188536212,0.0663,0.0805,0.0587,1.5762711000000003,78.56204963971177,,43.04810396670757,121.61015360641935,274.0388718730559,,,0.7244392132022777,ols_fitted,0.7244392132022777,88.09916399604256,209.7093176024619,243,364,486,267.3,400.40000000000003,534.6,-33.29068239753809,-154.2906823975381,-276.2906823975381,-57.5906823975381,-190.69068239753813,-324.8906823975381,0.0031478309633323673,0.005428243149702635,-0.0008617162114652781,-0.003993753588836955,-0.007151675572633191,-0.0014907121475820698,-0.004935953262690915,-0.008409667444866775
Manitoba,2021,40.0,Lowest quintile,102295.0,1153.0,203.0,,38752.0,1.2594166666666666,1.1819166666666667,915.5032091576788,,0.1386298932,28.141868319599997,755.6935899862187,0.0884,0.1073,0.0783,2.1025899,80.93048368953882,,59.170808095920925,140.10129178545975,294.12709451574403,462.0,0.5707495453985456,0.6415584775593043,anchor,0.5707495453985456,79.96274859630014,220.0640403817599,360,540,720,396.00000000000006,594.0,792.0000000000001,-139.9359596182401,-319.9359596182401,-499.9359596182401,-175.93595961824016,-373.9359596182401,-571.9359596182402,0.0036153306096578177,0.005678778911585464,-0.003611064193286543,-0.008255985745722545,-0.012900907298158548,-0.004540048503773745,-0.009649462211453347,-0.014758875919132953
Manitoba,2022,50.0,Lowest quintile,103495.0,1153.0,213.0,,38416.5,1.7089166666666664,1.7853333333333332,674.6964451163019,,0.1386298932,29.5281672516,792.9198752072148,0.1105,0.1341,0.0979,2.6289087,74.55395718535136,,77.62685578278634,152.1808129681377,338.15467872836683,559.0,0.6530896514640094,0.5586777419163309,anchor,0.6530896514640094,99.38771410087065,251.56852706900835,416,624,832,457.6,686.4000000000001,915.2,-164.43147293099165,-372.4314729309916,-580.4314729309916,-206.03147293099167,-434.8314729309917,-663.6314729309917,0.003961339866154848,0.006548449938672402,-0.004280230446058117,-0.009694570638423376,-0.015108910830788636,-0.00536309848453117,-0.011318872696132956,-0.01727464690773474
Manitoba,2023,65.0,Lowest quintile,79967.0,1153.0,223.0,,38081.0,1.55275,1.5549166666666667,742.5535340524875,,0.1386298932,30.9144661836,830.1461604282108,0.1431,0.1738,0.1239,3.3270867,106.25941072291097,,102.85510927705532,209.1145199999663,498.5486086900469,,,0.434356638451871,ols_fitted,0.434356638451871,90.83027995866192,299.9447999586282,528,792,1056,580.8000000000001,871.2,1161.6000000000001,-228.0552000413718,-492.0552000413718,-756.0552000413718,-280.85520004137186,-571.2552000413718,-861.6552000413719,0.0054913085265609176,0.007876494838860014,-0.005988687272954276,-0.012921278328861422,-0.019853869384768567,-0.007375205484135707,-0.015001055645633567,-0.022626905807131427
Manitoba,2024,80.0,Lowest quintile,100887.0,1153.0,223.0,,38081.0,1.3411666666666668,1.3398333333333332,859.6992668075058,,0.1386298932,30.9144661836,830.1461604282108,0.1761,0.2139,0.1525,4.0950825,151.39304088480176,,126.59728946530214,277.99033035010393,643.640426470876,828.0,0.28643255760049136,0.3100355349874109,anchor,0.28643255760049136,79.62548131038574,357.61581166048967,600,900,1200,720.0,1080.0,1440.0,-242.38418833951033,-542.3841883395103,-842.3841883395103,-362.38418833951033,-722.3841883395103,-1082.3841883395103,0.0072999745371734965,0.009390924914274564,-0.006364963849150767,-0.01424290823086343,-0.022120852612576094,-0.009516141601835832,-0.01896967485989103,-0.028423208117946228
Manitoba,2025,0.0,Lowest quintile,100887.0,1153.0,223.0,,38081.0,1.3628333333333333,1.2655833333333333,846.0315519139049,,0.1386298932,30.9144661836,830.1461604282108,0.0,0.0,0.0,0.0,0.0,,0.0,0.0,0.0,,,0.0,zero_price,0.0,0.0,0.0,0,0,0,0.0,0.0,0.0,0.0,0.0,0.0,0.0,0.0,0.0,0.0,0.0,0.0,0.0,0.0,0.0,0.0,0.0
Manitoba,2019,20.0,Second quintile,113395.0,1861.0,292.0,57.0,55147.0,1.0903333333333334,1.1460000000000001,1706.8174870070313,49.738219895287955,0.1386298932,40.4799288144,1087.0075284530833,0.0442,0.0537,0.0391,1.0499523000000002,75.4413329257108,2.670942408376963,42.50199436251556,120.61426969660332,173.1928806381465,,,0.8073199488452509,ols_fitted,0.8073199488452509,97.37430604146908,217.9885757380724,170,255,339,187.00000000000003,280.5,372.90000000000003,47.9885757380724,-37.0114242619276,-121.0114242619276,30.98857573807237,-62.5114242619276,-154.91142426192764,0.0021871410901155696,0.003952863723105018,0.0008701937682570656,-0.0006711412091669102,-0.00219434283391531,0.0005619267727722699,-0.001133541702394103,-0.0028090634896173433
Manitoba,2020,30.0,Second quintile,118950.0,1681.0,289.5,57.0,55146.0,0.93675,0.9580833333333334,1794.502268481452,59.49378098634426,0.1386298932,40.1333540814,1077.7009571478343,0.0663,0.0805,0.0587,1.5762711000000003,118.97550040032026,4.789249369400713,63.26104618457788,187.02579595429884,274.0388718730559,,,0.7244392132022777,ols_fitted,0.7244392132022777,135.488820469662,322.51461642396083,243,364,486,267.3,400.40000000000003,534.6,79.51461642396083,-41.48538357603917,-163.48538357603917,55.21461642396082,-77.8853835760392,-212.0853835760392,0.003391466216122635,0.005848377333332623,0.0014418927288282165,-0.0007522827326739776,-0.00296459187567619,0.0010012442683777758,-0.0014123487392746384,-0.0038458887965770717
Manitoba,2021,40.0,Second quintile,118844.0,1501.0,287.0,57.0,55145.0,1.2594166666666666,1.1819166666666667,1191.8216105339775,48.22675033490798,0.1386298932,39.786779348399996,1068.394385842585,0.0884,0.1073,0.0783,2.1025899,105.35703037120362,5.174730310935627,83.65528041147441,194.18704109361366,294.12709451574403,462.0,0.5707495453985456,0.6415584775593043,anchor,0.5707495453985456,110.83216542646866,305.0192065200823,360,540,720,396.00000000000006,594.0,792.0000000000001,-54.98079347991768,-234.98079347991768,-414.9807934799177,-90.98079347991774,-288.9807934799177,-486.9807934799178,0.003521389810383782,0.0055312214438313955,-0.0009970222772675253,-0.004261144137816986,-0.0075252659983664465,-0.0016498466493774183,-0.005240380695981824,-0.008830914742586233
Manitoba,2022,50.0,Second quintile,119469.0,1619.5,334.5,43.5,57728.5,1.7089166666666664,1.7853333333333332,947.6764031794023,24.365197908887232,0.1386298932,46.3716992754,1245.2192406423162,0.1105,0.1341,0.0979,2.6289087,104.71824255132395,3.267373039581778,121.90696365888276,229.8925792497885,338.15467872836683,559.0,0.6530896514640094,0.5586777419163309,anchor,0.6530896514640094,150.14046445640653,380.03304370619503,416,624,832,457.6,686.4000000000001,915.2,-35.96695629380497,-243.96695629380497,-451.96695629380497,-77.56695629380499,-306.36695629380506,-535.166956293805,0.0039823064734020195,0.006583109620139013,-0.0006230363909300427,-0.004226109396464571,-0.0078291824019991,-0.0013436509920369487,-0.00530703129812493,-0.00927041160421291
Manitoba,2023,65.0,Second quintile,125134.0,1738.0,382.0,30.0,60312.0,1.55275,1.5549166666666667,1119.304459829335,19.29363845865266,0.1386298932,52.9566192024,1422.0440954420474,0.1431,0.1738,0.1239,3.3270867,160.17246820157783,3.3532343641138325,176.19126342526965,339.7169659909613,498.5486086900469,,,0.434356638451871,ols_fitted,0.434356638451871,147.5583193729026,487.2752853638639,528,792,1056,580.8000000000001,871.2,1161.6000000000001,-40.72471463613613,-304.7247146361361,-568.7247146361361,-93.5247146361362,-383.9247146361362,-674.3247146361363,0.00563265960324581,0.00807924269405531,-0.0006752340269952269,-0.005052472387520495,-0.009429710748045763,-0.0015506816991002817,-0.006365643895678077,-0.011180606092255874
Manitoba,2024,80.0,Second quintile,129206.0,1738.0,382.0,30.0,60312.0,1.3411666666666668,1.3398333333333332,1295.8866658382003,22.390844632416968,0.1386298932,52.9566192024,1422.0440954420474,0.1761,0.2139,0.1525,4.0950825,228.20564185410709,4.78940166687399,216.8617245549122,449.8567680758933,643.640426470876,828.0,0.28643255760049136,0.3100355349874109,anchor,0.28643255760049136,128.85362463386917,578.7103927097625,600,900,1200,720.0,1080.0,1440.0,-21.28960729023754,-321.28960729023754,-621.2896072902375,-141.28960729023754,-501.28960729023754,-861.2896072902375,0.007458826901377724,0.009595277767438693,-0.0003529912337550992,-0.005327125734351995,-0.010301260234948892,-0.0023426450339938576,-0.008311606434710133,-0.014280567835426408
Manitoba,2025,0.0,Second quintile,129206.0,1738.0,382.0,30.0,60312.0,1.3628333333333333,1.2655833333333333,1275.2843341078635,23.704484098241917,0.1386298932,52.9566192024,1422.0440954420474,0.0,0.0,0.0,0.0,0.0,0.0,0.0,0.0,0.0,,,0.0,zero_price,0.0,0.0,0.0,0,0,0,0.0,0.0,0.0,0.0,0.0,0.0,0.0,0.0,0.0,0.0,0.0,0.0,0.0,0.0,0.0,0.0,0.0
Manitoba,2019,20.0,Third quintile,113961.0,2549.0,399.0,41.0,75484.0,1.0903333333333334,1.1460000000000001,2337.817181290125,35.77661431064572,0.1386298932,55.3133273868,1485.3287803177404,0.0442,0.0537,0.0391,1.0499523000000002,103.33151941302353,1.921204188481675,58.07635531042366,163.32907891192886,173.1928806381465,,,0.8073199488452509,ols_fitted,0.8073199488452509,131.85882363212036,295.1879025440492,170,255,339,187.00000000000003,280.5,372.90000000000003,125.18790254404922,40.18790254404922,-43.81209745595078,108.1879025440492,14.687902544049223,-77.71209745595081,0.002163757603093753,0.003910602280536924,0.0016584693782000057,0.0005324029270315461,-0.0005804156835349316,0.0014332560879663132,0.0001945829916810082,-0.0010295174799421177
Manitoba,2020,30.0,Third quintile,109393.0,2535.5,425.0,66.0,77806.5,0.93675,0.9580833333333334,2706.6986922871633,68.88753587892494,0.1386298932,58.917704609999994,1582.11712189233,0.0663,0.0805,0.0587,1.5762711000000003,179.45412329863893,5.545446638253457,92.87027505507977,277.8698449919722,274.0388718730559,,,0.7244392132022777,ols_fitted,0.7244392132022777,201.2998118786232,479.16965687059536,243,364,486,267.3,400.40000000000003,534.6,236.16965687059536,115.16965687059536,-6.830343129404639,211.86965687059535,78.76965687059533,-55.43034312940466,0.0035712934650957463,0.006158478493064144,0.0030353461069524443,0.001480206112221927,-8.778627915925584e-05,0.002723032868341274,0.0010123788741377047,-0.0007124127563815962
Manitoba,2021,40.0,Third quintile,112945.0,2522.0,451.0,91.0,80129.0,1.2594166666666666,1.1819166666666667,2002.514391583405,76.993583868011,0.1386298932,62.5220818332,1678.9054634669196,0.0884,0.1073,0.0783,2.1025899,177.02227221597303,8.26141154903758,131.4582977894598,316.7419815544704,294.12709451574403,462.0,0.5707495453985456,0.6415584775593043,anchor,0.5707495453985456,180.7803419808485,497.5223235353189,360,540,720,396.00000000000006,594.0,792.0000000000001,137.5223235353189,-42.47767646468111,-222.4776764646811,101.52232353531883,-96.47767646468111,-294.4776764646812,0.003952900717024677,0.006209017004272097,0.0017162615724059815,-0.0005301161435270765,-0.0027764938594601342,0.0012669860292193692,-0.0012040294583069938,-0.003675044945833359
Manitoba,2022,50.0,Third quintile,110352.0,2684.5,380.0,72.0,79072.5,1.7089166666666664,1.7853333333333332,1570.8782366996638,40.32860343539956,0.1386298932,52.679359416,1414.5988383978479,0.1105,0.1341,0.0979,2.6289087,173.58204515531284,5.40806572068708,138.48922627914934,317.47933715514927,338.15467872836683,559.0,0.6530896514640094,0.5586777419163309,anchor,0.6530896514640094,207.34246964968116,524.8218068048304,416,624,832,457.6,686.4000000000001,915.2,108.82180680483043,-99.17819319516957,-307.17819319516957,67.22180680483041,-161.57819319516966,-390.3781931951696,0.0040150410971595595,0.00663722288791717,0.0013762282311148683,-0.0012542690972862825,-0.0038847664256874332,0.0008501287654346379,-0.0020434182958066287,-0.0049369653570478945
Manitoba,2023,65.0,Third quintile,125262.0,2847.0,309.0,53.0,78016.0,1.55275,1.5549166666666667,1833.5211721139913,34.0854279436197,0.1386298932,42.836636998799996,1150.2922133287764,0.1431,0.1738,0.1239,3.3270867,262.37687972951215,5.924047376601104,142.5212052314354,410.8221323375486,498.5486086900469,,,0.434356638451871,ols_fitted,0.434356638451871,178.4433204037673,589.2654527413159,528,792,1056,580.8000000000001,871.2,1161.6000000000001,61.265452741315926,-202.73454725868407,-466.7345472586841,8.465452741315858,-281.9345472586841,-572.3345472586842,0.005265870236073993,0.007553135930338853,0.0007852934364914367,-0.0025986278104322713,-0.0059825490573559795,0.00010850918710669423,-0.0036138041845093843,-0.007336117556125464
Manitoba,2024,80.0,Third quintile,125712.0,2847.0,309.0,53.0,78016.0,1.3411666666666668,1.3398333333333332,2122.7786752827137,39.557158850603315,0.1386298932,42.836636998799996,1150.2922133287764,0.1761,0.2139,0.1525,4.0950825,373.8213247172859,8.46127627814405,175.4195625326384,557.7021635280684,643.640426470876,828.0,0.28643255760049136,0.3100355349874109,anchor,0.28643255760049136,159.74405707867209,717.4462206067404,600,900,1200,720.0,1080.0,1440.0,117.44622060674044,-182.55377939325956,-482.55377939325956,-2.5537793932595605,-362.55377939325956,-722.5537793932596,0.007148561365977086,0.009196142081197964,0.0015054119745531742,-0.0023399530787692213,-0.006185318132091617,-3.2734046775783945e-05,-0.004647172110762658,-0.009261610174749533
Manitoba,2025,0.0,Third quintile,125712.0,2847.0,309.0,53.0,78016.0,1.3628333333333333,1.2655833333333333,2089.0302066772656,41.87792190689406,0.1386298932,42.836636998799996,1150.2922133287764,0.0,0.0,0.0,0.0,0.0,0.0,0.0,0.0,0.0,,,0.0,zero_price,0.0,0.0,0.0,0,0,0,0.0,0.0,0.0,0.0,0.0,0.0,0.0,0.0,0.0,0.0,0.0,0.0,0.0,0.0,0.0,0.0,0.0
Manitoba,2019,20.0,Fourth quintile,119770.0,3171.0,585.0,56.0,107985.0,1.0903333333333334,1.1460000000000001,2908.284928156527,48.865619546247814,0.1386298932,81.098487522,2177.737685428266,0.0442,0.0537,0.0391,1.0499523000000002,128.5461938245185,2.6240837696335073,85.14954350024522,216.3198210943972,173.1928806381465,,,0.8073199488452509,ols_fitted,0.8073199488452509,174.6393069001426,390.9591279945398,170,255,339,187.00000000000003,280.5,372.90000000000003,220.9591279945398,135.9591279945398,51.95912799453981,203.95912799453978,110.45912799453981,18.05912799453978,0.0020032395341426793,0.0036204947723715315,0.002046202046529979,0.0012590556836092033,0.000481169866134554,0.0018887727739458238,0.0010229117747329705,0.00016723737551085593
Manitoba,2020,30.0,Fourth quintile,113599.0,2921.5,550.5,69.5,104323.5,0.93675,0.9580833333333334,3118.761676007473,72.54066278159519,0.1386298932,76.3157562066,2049.3070014158297,0.0663,0.0805,0.0587,1.5762711000000003,206.77389911929544,5.839523353918413,120.29432098310923,332.9077434563231,274.0388718730559,,,0.7244392132022777,ols_fitted,0.7244392132022777,241.1714237384444,574.0791671947675,243,364,486,267.3,400.40000000000003,534.6,331.0791671947675,210.07916719476748,88.07916719476748,306.77916719476747,173.67916719476744,39.479167194767456,0.0031911098022624155,0.005502874876655475,0.003173581860221019,0.002013728135988224,0.0008442888437865628,0.0029406525585775733,0.0016648134619214985,0.00037843024049967125
Manitoba,2021,40.0,Fourth quintile,122750.0,2672.0,516.0,83.0,100662.0,1.2594166666666666,1.1819166666666667,2121.6171507973268,70.22491715433969,0.1386298932,71.5330248912,1920.8763174033936,0.0884,0.1073,0.0783,2.1025899,187.5509561304837,7.535133610660649,150.40461565268572,345.49070539383007,294.12709451574403,462.0,0.5707495453985456,0.6415584775593043,anchor,0.5707495453985456,197.18866304295142,542.6793684367815,360,540,720,396.00000000000006,594.0,792.0000000000001,182.6793684367815,2.6793684367814876,-177.3206315632185,146.67936843678143,-51.32063156321851,-249.32063156321863,0.003432185982732611,0.005391104572100509,0.0018147798418149995,2.6617476672244617e-05,-0.0017615448884705104,0.001457147368786448,-0.0005098312328705818,-0.0024768098345276136
Manitoba,2022,50.0,Fourth quintile,117483.0,3323.5,527.0,72.5,104959.5,1.7089166666666664,1.7853333333333332,1944.7993368118207,40.60866318147872,0.1386298932,73.0579537164,1961.8252311464892,0.1105,0.1341,0.0979,2.6289087,214.90032671770618,5.445621732636296,192.0626901292413,412.4086385795838,338.15467872836683,559.0,0.6530896514640094,0.5586777419163309,anchor,0.6530896514640094,269.33981403068697,681.7484526102708,416,624,832,457.6,686.4000000000001,915.2,265.74845261027076,57.74845261027076,-150.25154738972924,224.14845261027074,-4.6515473897293305,-233.45154738972928,0.003929216874885873,0.0064953477542315915,0.0025319142393996803,0.0005501974819837247,-0.0014315192754322309,0.0021355708879164893,-4.431754524106279e-05,-0.002224205978398614
Manitoba,2023,65.0,Fourth quintile,127131.0,3975.0,538.0,62.0,109257.0,1.55275,1.5549166666666667,2559.9742392529383,39.873519481215496,0.1386298932,74.5828825416,2002.774144889585,0.1431,0.1738,0.1239,3.3270867,366.33231363709547,6.930017685835254,248.14371655181958,621.4060478747504,498.5486086900469,,,0.434356638451871,ols_fitted,0.434356638451871,269.91184206853904,891.3178899432894,528,792,1056,580.8000000000001,871.2,1161.6000000000001,363.3178899432894,99.3178899432894,-164.6821100567106,310.51788994328933,20.117889943289356,-270.28211005671074,0.00568756279116899,0.008157993446125094,0.003325351144030034,0.0009090299929825036,-0.0015072911580650266,0.0028420869138205272,0.00018413364766824418,-0.00247381961848404
Manitoba,2024,80.0,Fourth quintile,124212.0,3975.0,538.0,62.0,109257.0,1.3411666666666668,1.3398333333333332,2963.837454952156,46.2744122403284,0.1386298932,74.5828825416,2002.774144889585,0.1761,0.2139,0.1525,4.0950825,521.9317758170747,9.898096778206245,305.4230570956617,837.2529296909427,643.640426470876,828.0,0.28643255760049136,0.3100355349874109,anchor,0.28643255760049136,239.81649800988112,1077.0694277008238,600,900,1200,720.0,1080.0,1440.0,477.0694277008238,177.06942770082378,-122.93057229917622,357.0694277008238,-2.9305722991762195,-362.9305722991762,0.007663151374199755,0.009858127421591511,0.004366488441938034,0.0016206689521112952,-0.0011251505377154437,0.0032681606460073383,-2.6822741784748065e-05,-0.0033218061295768346
Manitoba,2025,0.0,Fourth quintile,124212.0,3975.0,538.0,62.0,109257.0,1.3628333333333333,1.2655833333333333,2916.7176225999756,48.98926713636663,0.1386298932,74.5828825416,2002.774144889585,0.0,0.0,0.0,0.0,0.0,0.0,0.0,0.0,0.0,,,0.0,zero_price,0.0,0.0,0.0,0,0,0,0.0,0.0,0.0,0.0,0.0,0.0,0.0,0.0,0.0,0.0,0.0,0.0,0.0,0.0,0.0,0.0,0.0
Manitoba,2019,20.0,Highest quintile,98465.0,4314.0,781.0,64.0,175440.0,1.0903333333333334,1.1460000000000001,3956.5881993274224,55.84642233856893,0.1386298932,108.26994658919999,2907.3728757597873,0.0442,0.0537,0.0391,1.0499523000000002,174.88119841027208,2.998952879581151,113.6782794422077,291.5584307320609,173.1928806381465,,,0.8073199488452509,ols_fitted,0.8073199488452509,235.3809373840091,526.93936811607,170,255,339,187.00000000000003,280.5,372.90000000000003,356.93936811607,271.93936811607,187.93936811607,339.93936811607,246.43936811607,154.03936811606997,0.0016618697602146656,0.003003530370018639,0.0020345381219566234,0.0015500419979256157,0.0010712458282949727,0.0019376388971504219,0.0014046931607163133,0.0008780173741226059
Manitoba,2020,30.0,Highest quintile,100213.0,4047.5,783.5,78.5,169767.5,0.93675,0.9580833333333334,4320.789965305578,81.93441767417586,0.1386298932,108.6165213222,2916.6794470650366,0.0663,0.0805,0.0587,1.5762711000000003,286.4683746997598,6.595720622771157,171.20908354271768,464.27317886524867,274.0388718730559,,,0.7244392132022777,ols_fitted,0.7244392132022777,336.33769640806105,800.6108752733097,243,364,486,267.3,400.40000000000003,534.6,557.6108752733097,436.6108752733097,314.6108752733097,533.3108752733096,400.2108752733097,266.0108752733097,0.0027347588841518467,0.0047159254584847494,0.0032845560856660416,0.002571816603727508,0.0018531867128473336,0.0031414191483841703,0.0023574057182517835,0.001566912838283592
Manitoba,2021,40.0,Highest quintile,89909.0,3781.0,786.0,93.0,164095.0,1.2594166666666666,1.1819166666666667,3002.183550585589,78.68575054642882,0.1386298932,108.9630960552,2925.986018370286,0.0884,0.1073,0.0783,2.1025899,265.3930258717661,8.442981033631813,229.10470523839334,502.9407121437913,294.12709451574403,462.0,0.5707495453985456,0.6415584775593043,anchor,0.5707495453985456,287.05318281848963,789.9938949622809,360,540,720,396.00000000000006,594.0,792.0000000000001,429.99389496228093,249.99389496228093,69.99389496228093,393.9938949622809,195.99389496228093,-2.0061050377191805,0.0030649362390309963,0.004814247204133465,0.0026203960813082723,0.0015234705198956758,0.0004265449584830795,0.0024010109690257527,0.001194392851471897,-1.2225266081959721e-05
Manitoba,2022,50.0,Highest quintile,105572.0,4325.5,809.0,99.0,173770.5,1.7089166666666664,1.7853333333333332,2531.1357097576442,55.451829723674386,0.1386298932,112.15158359879999,3011.6064743785764,0.1105,0.1341,0.0979,2.6289087,279.6904959282197,7.436090365944735,294.8362738416626,581.962860135827,338.15467872836683,559.0,0.6530896514640094,0.5586777419163309,anchor,0.6530896514640094,380.07392149110535,962.0367816269323,416,624,832,457.6,686.4000000000001,915.2,546.0367816269323,338.03678162693234,130.03678162693234,504.4367816269323,275.63678162693225,46.83678162693229,0.0033490313956386557,0.005536249142558331,0.0031422869913301297,0.0019453059157160297,0.0007483248401019295,0.0029028907762073098,0.0015862115930317991,0.00026953240985628916
Manitoba,2023,65.0,Highest quintile,111035.0,4870.0,832.0,105.0,183446.0,1.55275,1.5549166666666667,3136.3709547576877,67.52773460528431,0.1386298932,115.34007114239999,3097.226930386867,0.1431,0.1738,0.1239,3.3270867,448.8146836258251,11.736320274398414,383.74641667493285,844.2974205751564,498.5486086900469,,,0.434356638451871,ols_fitted,0.434356638451871,366.72618945461045,1211.0236100297668,528,792,1056,580.8000000000001,871.2,1161.6000000000001,683.0236100297668,419.0236100297668,155.02361002976681,630.2236100297667,339.82361002976677,49.42361002976668,0.0046024302550895435,0.006601526389399424,0.0037232951932981194,0.002284179595247467,0.0008450639971968144,0.0034354720736879886,0.0018524449158322709,0.00026941775797655266
Manitoba,2024,80.0,Highest quintile,100396.0,4870.0,832.0,105.0,183446.0,1.3411666666666668,1.3398333333333332,3631.1668944948424,78.3679562134594,0.1386298932,115.34007114239999,3097.226930386867,0.1761,0.2139,0.1525,4.0950825,639.4484901205418,16.762905834058966,472.32710688399726,1128.538502838598,643.640426470876,828.0,0.28643255760049136,0.3100355349874109,anchor,0.28643255760049136,323.250169718689,1451.788672557287,600,900,1200,720.0,1080.0,1440.0,851.7886725572871,551.7886725572871,251.7886725572871,731.7886725572871,371.7886725572871,11.7886725572871,0.006151883948620292,0.007913983802085012,0.0046432665337880746,0.0030079078996396056,0.001372549265491137,0.003989123080128687,0.0020266927191505244,6.426235817236189e-05
Manitoba,2025,0.0,Highest quintile,100396.0,4870.0,832.0,105.0,183446.0,1.3628333333333333,1.2655833333333333,3573.43769108475,82.96569434384672,0.1386298932,115.34007114239999,3097.226930386867,0.0,0.0,0.0,0.0,0.0,0.0,0.0,0.0,0.0,,,0.0,zero_price,0.0,0.0,0.0,0,0,0,0.0,0.0,0.0,0.0,0.0,0.0,0.0,0.0,0.0,0.0,0.0,0.0,0.0,0.0,0.0,0.0,0.0
Saskatchewan,2019,20.0,Lowest quintile,67501.0,1434.0,480.0,95.0,38748.0,1.1115416666666667,1.1245833333333333,1290.100086216591,84.47573175250093,0.0878257722,42.156370656,1132.025021225568,0.0442,0.0537,0.0391,1.0499523000000002,57.02242381077333,4.5363467951093,44.26217832991971,105.82094893580235,220.21378023299525,,,1.1346635961219917,ols_fitted,1.1346635961219917,120.07117846453913,225.89212740034148,305,457,609,335.5,502.70000000000005,669.9000000000001,-79.10787259965852,-231.10787259965852,-383.10787259965855,-109.60787259965852,-276.8078725996586,-444.00787259965864,0.002731004153396365,0.00582977514711318,-0.002041598859287151,-0.005964381970673545,-0.00988716508205994,-0.002828736259927184,-0.007143797682452219,-0.011458859104977254
Saskatchewan,2020,30.0,Lowest quintile,56398.0,1521.5,486.5,148.5,40181.5,0.9668333333333333,0.9224583333333334,1573.6941906567833,160.98288088892903,0.0878257722,42.7272381753,1147.354526721331,0.0663,0.0805,0.0587,1.5762711000000003,104.33592484054473,12.959121911558787,67.34971071854214,184.64475747064566,340.67203799177025,,,1.016277171478145,ols_fitted,1.016277171478145,187.65025185053585,372.2950093211815,405,607,809,445.50000000000006,667.7,889.9000000000001,-32.70499067881849,-234.7049906788185,-436.7049906788185,-73.20499067881855,-295.40499067881854,-517.6049906788186,0.00459526790863073,0.009265333780998258,-0.0008139315525507631,-0.005841120681876448,-0.010868309811202133,-0.0018218580859056667,-0.00735176612816392,-0.012881674170422174
Saskatchewan,2021,40.0,Lowest quintile,41212.0,1609.0,493.0,202.0,41615.0,1.2702499999999999,1.13225,1266.6797874434167,178.40582910134688,0.0878257722,43.2981056946,1162.6840322170938,0.0884,0.1073,0.0783,2.1025899,111.97449320999804,19.14294546257452,91.03815972259844,222.155598395171,363.08303168712365,720.0,0.9830174840570332,0.8978907468342978,anchor,0.9830174840570332,218.38283740360566,440.5384357987767,500,750,1000,550.0,825.0000000000001,1100.0,-59.461564201223325,-309.4615642012233,-559.4615642012234,-109.46156420122333,-384.46156420122344,-659.4615642012234,0.005338353920345333,0.0105860491601292,-0.0014288493139786934,-0.0074362985510326406,-0.013443747788086588,-0.0026303391613894827,-0.009238533322148827,-0.015846727482908166
Saskatchewan,2022,50.0,Lowest quintile,45920.0,1454.0,485.5,202.0,40643.5,1.651875,1.7449166666666667,880.2118804388952,115.76484072782846,0.0878257722,42.639412403099996,1144.9961412604443,0.1105,0.1341,0.0979,2.6289087,97.26341278849792,15.524065141601795,112.09512222939749,224.8826001594972,440.57570003126074,734.0,0.6660020058934697,0.7795043221904508,anchor,0.6660020058934697,149.77226279676427,374.65486295626147,550,825,1101,605.0,907.5000000000001,1211.1000000000001,-175.34513704373853,-450.34513704373853,-726.3451370437385,-230.34513704373853,-532.8451370437386,-836.4451370437387,0.005533052029463437,0.00921807577979902,-0.004314223357824463,-0.011080372926636203,-0.01787112667569817,-0.005667453271586811,-0.013110217797279729,-0.02058004692124789
Saskatchewan,2023,65.0,Lowest quintile,45995.0,1299.0,478.0,202.0,39672.0,1.5286666666666668,1.676875,849.7601395551678,120.46216921356691,0.0878257722,41.9807191116,1127.308250303795,0.1431,0.1738,0.1239,3.3270867,121.60067597034453,20.93632500931793,139.67349221264018,282.21049319230264,638.2443659794155,,,0.6019246852246805,ols_fitted,0.6019246852246805,169.8694622818786,452.07995547418125,680,1020,1360,748.0000000000001,1122.0,1496.0000000000002,-227.92004452581875,-567.9200445258188,-907.9200445258188,-295.92004452581887,-669.9200445258188,-1043.9200445258189,0.00711359379895903,0.011395441507213683,-0.005745111023538484,-0.014315387288914568,-0.022885663554290652,-0.007459166276613704,-0.016886470168527394,-0.026313774060441088
Saskatchewan,2024,80.0,Lowest quintile,45681.0,1299.0,478.0,202.0,39672.0,1.4974166666666668,1.433375,867.4940174745394,140.92613586814335,0.0878257722,41.9807191116,1127.308250303795,0.1761,0.2139,0.1525,4.0950825,152.7656964772664,30.144100462195862,171.91450817132872,354.824305110791,795.7483209432618,1156.0,0.452720627333155,0.42434504825891006,anchor,0.452720627333155,160.63628200280812,515.4605871135991,752,1128,1504,902.4,1353.6,1804.8,-236.5394128864009,-612.5394128864009,-988.5394128864009,-386.9394128864009,-838.1394128864008,-1289.3394128864009,0.0089439480013811,0.01299305775140147,-0.005962376812018575,-0.015440094093728597,-0.02491781137543862,-0.009753463724702583,-0.02112672446275461,-0.03249998520080664
Saskatchewan,2025,0.0,Lowest quintile,45681.0,1299.0,478.0,202.0,39672.0,1.3787916666666666,1.2946250000000001,942.1292798646158,156.0297383412185,0.0878257722,41.9807191116,1127.308250303795,0.0,0.0,0.0,0.0,0.0,0.0,0.0,0.0,0.0,,,0.0,zero_price,0.0,0.0,0.0,0,0,0,0.0,0.0,0.0,0.0,0.0,0.0,0.0,0.0,0.0,0.0,0.0,0.0,0.0,0.0,0.0,0.0,0.0
Saskatchewan,2019,20.0,Second quintile,84008.0,2164.0,630.0,130.0,58991.0,1.1115416666666667,1.1245833333333333,1946.8455973310342,115.59836976658022,0.0878257722,55.330236486,1485.782840358558,0.0442,0.0537,0.0391,1.0499523000000002,86.05057540203173,6.207632456465357,58.094109058019626,150.3523169165167,220.21378023299525,,,1.1346635961219917,ols_fitted,1.1346635961219917,170.5993005977682,320.9516175142849,305,457,609,335.5,502.70000000000005,669.9000000000001,15.95161751428492,-136.04838248571508,-288.0483824857151,-14.54838248571508,-181.74838248571513,-348.9483824857152,0.002548733144318908,0.005440687859407112,0.0002704076471713468,-0.002306256589746149,-0.004882920826663645,-0.0002466203740522297,-0.003080951034661476,-0.005915281695270723
Saskatchewan,2020,30.0,Second quintile,104603.0,1969.0,683.0,100.75,58773.0,0.9668333333333333,0.9224583333333334,2036.545423202896,109.21902524955959,0.0878257722,59.9850024126,1610.7772697855478,0.0663,0.0805,0.0587,1.5762711000000003,135.022961558352,8.792131532589547,94.55262573641167,238.3677188273532,340.67203799177025,,,1.016277171478145,ols_fitted,1.016277171478145,242.2476710615603,480.6153898889135,405,607,809,445.50000000000006,667.7,889.9000000000001,75.61538988891351,-126.38461011108649,-328.3846101110865,35.115389888913455,-187.08461011108653,-409.2846101110866,0.004055735096512909,0.00817748608866169,0.0012865667889832664,-0.0021503855530785646,-0.005587337895140396,0.000597474859015423,-0.0031831727172525913,-0.006963820293520606
Saskatchewan,2021,40.0,Second quintile,116864.0,1774.0,736.0,71.5,58555.0,1.2702499999999999,1.13225,1396.5754772682544,63.148597924486644,0.0878257722,64.6397683392,1735.771699212538,0.0884,0.1073,0.0783,2.1025899,123.4572721905137,6.775844557297417,135.91092404834168,266.1440407961528,363.08303168712365,720.0,0.9830174840570332,0.8978907468342978,anchor,0.9830174840570332,261.6242453802065,527.7682861763593,500,750,1000,550.0,825.0000000000001,1100.0,27.76828617635931,-222.2317138236407,-472.2317138236407,-22.23171382364069,-297.2317138236408,-572.2317138236407,0.004545197520214377,0.009013206151077778,0.00047422570534299906,-0.0037952645175243905,-0.00806475474039178,-0.00037967233923047884,-0.00507611158438461,-0.009772550829538736
Saskatchewan,2022,50.0,Second quintile,112073.0,2152.0,804.0,42.25,59894.5,1.651875,1.7449166666666667,1302.7620128641695,24.2131906967859,0.0878257722,70.6119208488,1896.1419105528264,0.1105,0.1341,0.0979,2.6289087,143.95520242149072,3.246988872438989,185.6322930431217,332.83448433705144,440.57570003126074,734.0,0.6660020058934697,0.7795043221904508,anchor,0.6660020058934697,221.66843419899487,554.5029185360463,550,825,1101,605.0,907.5000000000001,1211.1000000000001,4.502918536046309,-270.4970814639537,-546.4970814639537,-50.49708146395369,-352.9970814639538,-656.5970814639538,0.005557012485905241,0.009257993948293188,7.51808352360619e-05,-0.004516225721292501,-0.009124328301662986,-0.0008431004760696507,-0.005893647688251072,-0.010962560526658605
Saskatchewan,2023,65.0,Second quintile,125575.0,2530.0,872.0,13.0,61234.0,1.5286666666666668,1.676875,1655.0370693414739,7.752515840477078,0.0878257722,76.5840733584,2056.5121218931154,0.1431,0.1738,0.1239,3.3270867,236.83580462276493,1.3473872530749162,254.801851902557,492.98504377839686,638.2443659794155,,,0.6019246852246805,ols_fitted,0.6019246852246805,296.7398672967869,789.7249110751837,680,1020,1360,748.0000000000001,1122.0,1496.0000000000002,109.72491107518374,-230.27508892481626,-570.2750889248163,41.72491107518363,-332.27508892481626,-706.2750889248165,0.00805083848480251,0.012896836905562004,0.0017918952065059239,-0.003760575643022116,-0.009313046492550155,0.000681401036600314,-0.005426316897880528,-0.011534034832361376
Saskatchewan,2024,80.0,Second quintile,129613.0,2530.0,872.0,13.0,61234.0,1.4974166666666668,1.433375,1689.576492848795,9.069503793494375,0.0878257722,76.5840733584,2056.5121218931154,0.1761,0.2139,0.1525,4.0950825,297.5344203906728,1.9399668614284469,313.6180985887001,613.0924858408014,795.7483209432618,1156.0,0.452720627333155,0.42434504825891006,anchor,0.452720627333155,277.559614803091,890.6521006438924,752,1128,1504,902.4,1353.6,1804.8,138.65210064389237,-237.34789935610763,-613.3478993561076,-11.74789935610761,-462.94789935610754,-914.1478993561076,0.010012288693222742,0.014545058311459195,0.0022642992560324717,-0.00387608027168089,-0.010016459799394252,-0.00019185255505287273,-0.007560307988308906,-0.01492876342156494
Saskatchewan,2025,0.0,Second quintile,129613.0,2530.0,872.0,13.0,61234.0,1.3787916666666666,1.2946250000000001,1834.9400139010606,10.041517814038814,0.0878257722,76.5840733584,2056.5121218931154,0.0,0.0,0.0,0.0,0.0,0.0,0.0,0.0,0.0,,,0.0,zero_price,0.0,0.0,0.0,0,0,0,0.0,0.0,0.0,0.0,0.0,0.0,0.0,0.0,0.0,0.0,0.0,0.0,0.0,0.0,0.0,0.0,0.0
Saskatchewan,2019,20.0,Third quintile,99012.0,2844.0,821.0,77.0,79056.0,1.1115416666666667,1.1245833333333333,2558.6085391910633,68.46980363097444,0.0878257722,72.1049589762,1936.2344633878986,0.0442,0.0537,0.0391,1.0499523000000002,113.090497432245,3.6768284549833274,75.70676751846685,192.47409340569516,220.21378023299525,,,1.1346635961219917,ols_fitted,1.1346635961219917,218.39334698402615,410.8674403897213,305,457,609,335.5,502.70000000000005,669.9000000000001,105.86744038972131,-46.13255961027869,-198.1325596102787,75.36744038972131,-91.83255961027874,-259.0325596102788,0.002434655097724337,0.005197169606224971,0.0013391449148669463,-0.0005835428001704954,-0.0025062305152079374,0.0009533424457311439,-0.0011616140408100427,-0.0032765705273512294
Saskatchewan,2020,30.0,Third quintile,101501.0,2712.5,825.5,67.0,75430.0,0.9668333333333333,0.9224583333333334,2805.550767109119,72.63200686571209,0.0878257722,72.50017495109999,1946.8471979618882,0.0663,0.0805,0.0587,1.5762711000000003,186.0080158593346,5.846876552689823,114.27993052036285,306.13482293238724,340.67203799177025,,,1.016277171478145,ols_fitted,1.016277171478145,311.11783194068926,617.2526548730765,405,607,809,445.50000000000006,667.7,889.9000000000001,212.2526548730765,10.252654873076494,-191.7473451269235,171.75265487307644,-50.44734512692355,-272.6473451269236,0.004058528740983524,0.008183118850233017,0.0028139023581211253,0.00013592277440112018,-0.0025420568093188853,0.0022769807089099356,-0.0006687968331820701,-0.0036145743752740767
Saskatchewan,2021,40.0,Third quintile,116773.0,2581.0,830.0,57.0,71804.0,1.2702499999999999,1.13225,2031.8834875024604,50.342238904835504,0.0878257722,72.895390926,1957.4599325358781,0.0884,0.1073,0.0783,2.1025899,179.6185002952175,5.40172223448885,153.26911271755924,338.2893352472656,363.08303168712365,720.0,0.9830174840570332,0.8978907468342978,anchor,0.9830174840570332,332.54433121809325,670.8336664653589,500,750,1000,550.0,825.0000000000001,1100.0,170.83366646535887,-79.16633353464113,-329.1663335346411,120.83366646535887,-154.16633353464124,-429.1663335346411,0.004711288162877634,0.009342566799417288,0.0023791664317497478,-0.0011025337520840222,-0.004584233935917792,0.0016828263949829937,-0.0021470438072341545,-0.0059769140094513
Saskatchewan,2022,50.0,Third quintile,114251.0,2954.0,826.0,47.0,74597.5,1.651875,1.7449166666666667,1788.2709042754445,26.93538373370266,0.0878257722,72.5440878372,1948.0263906923317,0.1105,0.1341,0.0979,2.6289087,197.60393492243662,3.612034958689527,190.71178364877926,391.92775352990543,440.57570003126074,734.0,0.6660020058934697,0.7795043221904508,anchor,0.6660020058934697,261.02467001623836,652.9524235461438,550,825,1101,605.0,907.5000000000001,1211.1000000000001,102.95242354614379,-172.0475764538562,-448.0475764538562,47.95242354614379,-254.54757645385632,-558.1475764538563,0.005253899306677911,0.008753006783687707,0.0013801055470510915,-0.002306345071267217,-0.006006200964561228,0.0006428154233874297,-0.0034122802567627107,-0.007482121739386123
Saskatchewan,2023,65.0,Third quintile,115475.0,3327.0,822.0,37.0,77391.0,1.5286666666666668,1.676875,2176.406454426515,22.064852776742455,0.0878257722,72.1927847484,1938.5928488487853,0.1431,0.1738,0.1239,3.3270867,311.44376362843434,3.834871412597839,240.1916539723645,555.4702890133967,638.2443659794155,,,0.6019246852246805,ols_fitted,0.6019246852246805,334.3512788660511,889.8215678794478,680,1020,1360,748.0000000000001,1122.0,1496.0000000000002,209.8215678794478,-130.1784321205522,-470.1784321205522,141.82156787944768,-232.1784321205522,-606.1784321205524,0.007177453308697352,0.011497739632249846,0.0027111882244634103,-0.0016820874794298071,-0.006075363183323025,0.0018325330836847654,-0.0030000701905977725,-0.007832673464880315
Saskatchewan,2024,80.0,Third quintile,117896.0,3327.0,822.0,37.0,77391.0,1.4974166666666668,1.433375,2221.826478935945,25.813203104560912,0.0878257722,72.1927847484,1938.5928488487853,0.1761,0.2139,0.1525,4.0950825,391.26364294061995,5.52144414406558,295.63540944943975,692.4204965341253,795.7483209432618,1156.0,0.452720627333155,0.42434504825891006,anchor,0.452720627333155,313.47304156926384,1005.8935381033891,752,1128,1504,902.4,1353.6,1804.8,253.89353810338912,-122.10646189661088,-498.1064618966109,103.49353810338914,-347.7064618966108,-798.9064618966108,0.008947041600885443,0.012997551887214135,0.0032806597421326657,-0.0015777863304080693,-0.006436232402948804,0.0013372813131163719,-0.004492853973932509,-0.01032298926098139
Saskatchewan,2025,0.0,Third quintile,117896.0,3327.0,822.0,37.0,77391.0,1.3787916666666666,1.2946250000000001,2412.982381916533,28.57970454764893,0.0878257722,72.1927847484,1938.5928488487853,0.0,0.0,0.0,0.0,0.0,0.0,0.0,0.0,0.0,,,0.0,zero_price,0.0,0.0,0.0,0,0,0,0.0,0.0,0.0,0.0,0.0,0.0,0.0,0.0,0.0,0.0,0.0,0.0,0.0,0.0,0.0,0.0,0.0
Saskatchewan,2019,20.0,Fourth quintile,112092.0,3868.0,1059.0,118.0,117870.0,1.1115416666666667,1.1245833333333333,3479.8515575214606,104.92775101889589,0.0878257722,93.0074927598,2497.5302030789094,0.0442,0.0537,0.0391,1.0499523000000002,153.80943884244857,5.634620229714709,97.65343094038538,257.09749001254863,220.21378023299525,,,1.1346635961219917,ols_fitted,1.1346635961219917,291.71916257157625,548.8166525841249,305,457,609,335.5,502.70000000000005,669.9000000000001,243.81665258412488,91.81665258412488,-60.18334741587512,213.31665258412488,46.116652584124836,-121.08334741587521,0.0021811953000131384,0.004656118202970433,0.0020685216983466945,0.0007789654075178152,-0.000510590883311064,0.0018097620478843208,0.0003912501279725531,-0.0010272617919392145
Saskatchewan,2020,30.0,Fourth quintile,97553.0,3520.0,1042.5,86.5,113386.5,0.9668333333333333,0.9224583333333334,3640.7515945526634,93.7711730430462,0.0878257722,91.5583675185,2458.6168429742806,0.0663,0.0805,0.0587,1.5762711000000003,241.38183071884157,7.54857942996522,144.3208086825903,393.25121883139707,340.67203799177025,,,1.016277171478145,ols_fitted,1.016277171478145,399.6522363543053,792.9034551857023,405,607,809,445.50000000000006,667.7,889.9000000000001,387.90345518570234,185.90345518570234,-16.09654481429766,347.4034551857023,125.2034551857023,-96.99654481429775,0.0034682366845382568,0.006992926452317537,0.003421072660199427,0.0016395554601800245,-0.00014196173983937823,0.0030638872809876155,0.0011042183609662728,-0.0008554505590550705
Saskatchewan,2021,40.0,Fourth quintile,96090.0,3172.0,1026.0,55.0,108903.0,1.2702499999999999,1.13225,2497.1462310568786,48.575844557297415,0.0878257722,90.1092422772,2419.7034828696515,0.0884,0.1073,0.0783,2.1025899,220.7477268254281,5.212188120998013,189.4627827086937,415.4226976551198,363.08303168712365,720.0,0.9830174840570332,0.8978907468342978,anchor,0.9830174840570332,408.3677750691214,823.7904727242412,500,750,1000,550.0,825.0000000000001,1100.0,323.7904727242412,73.79047272424123,-176.20952727575877,273.7904727242412,-1.2095272757588873,-276.2095272757588,0.003814612064452952,0.007564442418705098,0.002973200671462138,0.0006775797978406584,-0.0016180410757808213,0.0025140764967378423,-1.11064642457865e-05,-0.002536289425229413
Saskatchewan,2022,50.0,Fourth quintile,97800.0,3785.5,1012.5,55.0,110678.5,1.651875,1.7449166666666667,2291.638289822172,31.52012990114141,0.0878257722,88.9235943525,2387.865279147683,0.1105,0.1341,0.0979,2.6289087,253.22603102534998,4.226849419743063,233.77201082855814,491.2248912736512,440.57570003126074,734.0,0.6660020058934697,0.7795043221904508,anchor,0.6660020058934697,327.1567629330533,818.3816542067045,550,825,1101,605.0,907.5000000000001,1211.1000000000001,268.3816542067045,-6.618345793295475,-282.6183457932955,213.38165420670452,-89.11834579329559,-392.7183457932956,0.0044383045602682655,0.007394224300173065,0.0024248761431235923,-5.979793540114363e-05,-0.0025535071923932424,0.0019279413274186452,-0.0008052001589585654,-0.003548280341649874
Saskatchewan,2023,65.0,Fourth quintile,94279.0,4399.0,999.0,55.0,112454.0,1.5286666666666668,1.676875,2877.67117313563,32.799105478941485,0.0878257722,87.7379464278,2356.0270754257135,0.1431,0.1738,0.1239,3.3270867,411.79474487570866,5.70048453224003,291.9117546452459,709.4069840531945,638.2443659794155,,,0.6019246852246805,ols_fitted,0.6019246852246805,427.00957557240895,1136.4165596256034,680,1020,1360,748.0000000000001,1122.0,1496.0000000000002,456.41655962560344,116.41655962560344,-223.58344037439656,388.4165596256033,14.41655962560344,-359.5834403743968,0.006308419300809171,0.01010561260271403,0.004058695641111952,0.0010352371603109132,-0.0019882213204901254,0.0034540039449517434,0.00012819961607060166,-0.003197604712810543
Saskatchewan,2024,80.0,Fourth quintile,97434.0,4399.0,999.0,55.0,112454.0,1.4974166666666668,1.433375,2937.7260838110074,38.370977587860814,0.0878257722,87.7379464278,2356.0270754257135,0.1761,0.2139,0.1525,4.0950825,517.3335633591184,8.207552106043428,359.2941290024213,884.8352444675832,795.7483209432618,1156.0,0.452720627333155,0.42434504825891006,anchor,0.452720627333155,400.5831669618499,1285.418411429433,752,1128,1504,902.4,1353.6,1804.8,533.418411429433,157.41841142943304,-218.58158857056696,383.01841142943306,-68.18158857056687,-519.3815885705669,0.007868419482344631,0.011430615286512113,0.004743436528975697,0.0013998471502074895,-0.001943742228560718,0.0034060007774684145,-0.000606306477053434,-0.004618613731575284
Saskatchewan,2025,0.0,Fourth quintile,97434.0,4399.0,999.0,55.0,112454.0,1.3787916666666666,1.2946250000000001,3190.4747514429905,42.483344597856515,0.0878257722,87.7379464278,2356.0270754257135,0.0,0.0,0.0,0.0,0.0,0.0,0.0,0.0,0.0,,,0.0,zero_price,0.0,0.0,0.0,0,0,0,0.0,0.0,0.0,0.0,0.0,0.0,0.0,0.0,0.0,0.0,0.0,0.0,0.0,0.0,0.0,0.0,0.0
Saskatchewan,2019,20.0,Highest quintile,114496.0,5446.0,1154.0,80.0,184893.0,1.1115416666666667,1.1245833333333333,4899.501443190764,71.13745831789552,0.0878257722,101.3509411188,2721.5768218631365,0.0442,0.0537,0.0391,1.0499523000000002,216.5579637890318,3.820081511670989,106.41365373484865,326.79169903555146,220.21378023299525,,,1.1346635961219917,ols_fitted,1.1346635961219917,370.7986444104944,697.5903434460458,305,457,609,335.5,502.70000000000005,669.9000000000001,392.59034344604584,240.59034344604584,88.59034344604584,362.09034344604584,194.8903434460458,27.690343446045745,0.0017674638793007385,0.0037729408006038404,0.0021233380573956063,0.0013012409525836339,0.00047914384777166165,0.001958377783074783,0.0010540709677816131,0.0001497641524884433
Saskatchewan,2020,30.0,Highest quintile,118538.0,4712.5,1165.5,80.0,178888.0,0.9668333333333333,0.9224583333333334,4874.159627650405,86.72478431726816,0.0878257722,102.3609374991,2748.6982546633326,0.0663,0.0805,0.0587,1.5762711000000003,323.15678331322187,6.981345137540087,161.34858754873764,491.48671599949955,340.67203799177025,,,1.016277171478145,ols_fitted,1.016277171478145,499.4867295550538,990.9734455545533,405,607,809,445.50000000000006,667.7,889.9000000000001,585.9734455545533,383.97344555455334,181.97344555455334,545.4734455545533,323.2734455545533,101.07344555455325,0.0027474549215123403,0.005539630637910611,0.00327564423300922,0.0021464460755028472,0.0010172479179964746,0.003049245592519081,0.0018071276192620706,0.0005650096460050604
Saskatchewan,2021,40.0,Highest quintile,108123.0,3979.0,1177.0,80.0,172883.0,1.2702499999999999,1.13225,3132.4542412910846,70.65577390152352,0.0878257722,103.3709338794,2775.819687463528,0.0884,0.1073,0.0783,2.1025899,276.9089549301319,7.581364539633474,217.34668152839424,501.8370009981596,363.08303168712365,720.0,0.9830174840570332,0.8978907468342978,anchor,0.9830174840570332,493.31454612793766,995.1515471260973,500,750,1000,550.0,825.0000000000001,1100.0,495.1515471260973,245.15154712609728,-4.8484528739027155,445.1515471260973,170.15154712609717,-104.84845287390272,0.0029027550482011513,0.005756214012517699,0.002864084653355722,0.0014180199737747338,-2.804470580625461e-05,0.0025748717174395243,0.0009842005699004365,-0.0006064705776386499
Saskatchewan,2022,50.0,Highest quintile,117390.0,4927.0,1288.5,76.5,174594.0,1.651875,1.7449166666666667,2982.671206961786,43.84163522613305,0.0878257722,113.1635074797,3038.7796663523845,0.1105,0.1341,0.0979,2.6289087,329.58516836927737,5.879163283824442,297.49652933589846,632.9608609890003,440.57570003126074,734.0,0.6660020058934697,0.7795043221904508,anchor,0.6660020058934697,421.5532030707319,1054.5140640597322,550,825,1101,605.0,907.5000000000001,1211.1000000000001,504.51406405973216,229.51406405973216,-46.48593594026784,449.51406405973216,147.01406405973205,-156.58593594026797,0.003625329971184578,0.006039807004019223,0.0028896414771397193,0.0013145587136999678,-0.0002662516234250194,0.0025746249244517692,0.0008420338846680416,-0.0008968574861694444
Saskatchewan,2023,65.0,Highest quintile,114096.0,5875.0,1400.0,73.0,176305.0,1.5286666666666668,1.676875,3843.2184910597466,43.533358181140514,0.0878257722,122.95608108,3301.7396452412404,0.1431,0.1738,0.1239,3.3270867,549.9645660706498,7.566097651882222,409.0855420453897,966.6162057679217,638.2443659794155,,,0.6019246852246805,ols_fitted,0.6019246852246805,581.8301553899312,1548.4463611578528,680,1020,1360,748.0000000000001,1122.0,1496.0000000000002,868.4463611578528,528.4463611578528,188.44636115785283,800.4463611578527,426.44636115785283,52.44636115785261,0.00548263637314836,0.008782770546257071,0.004925818105883854,0.0029973418856972453,0.0010688656655106368,0.004540122861846531,0.0024187990196412627,0.00029747517743599223
Saskatchewan,2024,80.0,Highest quintile,115530.0,5875.0,1400.0,73.0,176305.0,1.4974166666666668,1.433375,3923.4236741054033,50.92875207116072,0.0878257722,122.95608108,3301.7396452412404,0.1761,0.2139,0.1525,4.0950825,690.9149090099615,10.89366006802128,503.51529589928913,1205.323864977272,795.7483209432618,1156.0,0.452720627333155,0.42434504825891006,anchor,0.452720627333155,545.6749762921336,1750.9988412694056,752,1128,1504,902.4,1353.6,1804.8,998.9988412694056,622.9988412694056,246.9988412694056,848.5988412694056,397.3988412694057,-53.80115873059435,0.006836583562447304,0.009931645961653983,0.005666310321711838,0.0035336425017407653,0.0014009746817696923,0.004813243193723409,0.002254041809758122,-0.0003051595742071657
Saskatchewan,2025,0.0,Highest quintile,115530.0,5875.0,1400.0,73.0,176305.0,1.3787916666666666,1.2946250000000001,4260.977305007404,56.38698464806411,0.0878257722,122.95608108,3301.7396452412404,0.0,0.0,0.0,0.0,0.0,0.0,0.0,0.0,0.0,,,0.0,zero_price,0.0,0.0,0.0,0,0,0,0.0,0.0,0.0,0.0,0.0,0.0,0.0,0.0,0.0,0.0,0.0,0.0,0.0,0.0,0.0,0.0,0.0
Alberta,2019,20.0,Lowest quintile,212525.0,1288.0,720.0,,48633.0,1.0416666666666667,1.1994166666666668,1236.48,,0.0858479021,61.810489512,1659.797074865736,0.0,0.0,0.0,0.0,0.0,,0.0,0.0,0.0,,,0.8020476837160007,ols_fitted,0.8020476837160007,0.0,0.0,0,0,0,0.0,0.0,0.0,0.0,0.0,0.0,0.0,0.0,0.0,0.0,0.0,0.0,0.0,0.0,0.0,0.0,0.0
Alberta,2020,30.0,Lowest quintile,235915.0,1007.5,695.0,,45839.0,0.92125,1.0184305555555557,1093.6227951153323,,0.0858479021,59.6642919595,1602.1652319884536,0.0663,0.0805,0.0587,1.5762711000000003,72.50719131614653,,94.04709911772223,166.55429043386874,324.33909588733985,,,0.6851504087703777,ols_fitted,0.6851504087703777,114.11474017322536,280.6690306070941,444,666,888,488.40000000000003,732.6,976.8000000000001,-163.3309693929059,-385.3309693929059,-607.3309693929059,-207.73096939290593,-451.9309693929059,-696.130969392906,0.003633462563185688,0.006122930923604226,-0.003563144252555813,-0.008406181840635832,-0.01324921942871585,-0.0045317517701718175,-0.009859093117059839,-0.01518643446394786
Alberta,2021,40.0,Lowest quintile,204524.0,727.0,670.0,,43045.0,1.2632083333333333,1.2413703703703705,575.5186858858067,,0.0858479021,57.518094407,1544.5333891111711,0.0884,0.1073,0.0783,2.1025899,50.875851832305315,,120.93696436740468,171.81281619971,370.661989251818,598.0,0.6133297110045306,0.5682531338247546,anchor,0.6133297110045306,105.37790490664267,277.19072110635267,490,735,981,539.0,808.5000000000001,1079.1000000000001,-212.80927889364733,-457.80927889364733,-703.8092788936474,-261.80927889364733,-531.3092788936474,-801.9092788936475,0.003991469768839819,0.006439556768645665,-0.004943879170487799,-0.010635597140054532,-0.016350546611537866,-0.006082222764401146,-0.012343112530924552,-0.01862955694955622
Alberta,2022,50.0,Lowest quintile,245238.0,1195.0,745.0,,45624.5,1.5502500000000001,1.9040648148148147,770.8434123528463,,0.0858479021,63.956687064499995,1717.4289177430185,0.1105,0.1341,0.0979,2.6289087,85.17819706498952,,168.1362910470415,253.31448811203103,503.14329574662,700.0,0.39125375597276335,0.45135585887913154,anchor,0.39125375597276335,99.11024491615007,352.4247330281811,539,809,1079,592.9000000000001,889.9000000000001,1186.9,-186.5752669718189,-456.5752669718189,-726.5752669718189,-240.475266971819,-537.475266971819,-834.475266971819,0.005552159215159202,0.00772446236184903,-0.004089365734897235,-0.010007238807478853,-0.01592511188006047,-0.005270748544571864,-0.011780408924411644,-0.018290069304251422
Alberta,2023,65.0,Lowest quintile,234626.0,1663.0,820.0,,48204.0,1.3554166666666665,1.7136805555555554,1226.928988625884,,0.0858479021,70.395279722,1890.324446374866,0.1431,0.1738,0.1239,3.3270867,175.573538272364,,234.2111989058459,409.78473717820987,797.612851214173,,,0.276009946460697,ols_fitted,0.276009946460697,113.10466336896855,522.8894005471784,772,1158,1544,849.2,1273.8000000000002,1698.4,-249.1105994528216,-635.1105994528216,-1021.1105994528216,-326.31059945282163,-750.9105994528218,-1175.5105994528217,0.008501052551203425,0.010847427610720654,-0.005167840831732254,-0.01317547505295871,-0.021183109274185163,-0.006769367675977546,-0.015577765319326649,-0.024386162962675748
Alberta,2024,80.0,Lowest quintile,275468.0,1663.0,820.0,,48204.0,1.4460833333333332,1.4738935185185185,1150.0028813461652,,0.0858479021,70.395279722,1890.324446374866,0.1761,0.2139,0.1525,4.0950825,202.51550740505968,,288.2744780721671,490.78998547722676,946.4998491325664,1056.0,0.11568955976885431,0.10066403404226243,anchor,0.11568955976885431,56.77927735882281,547.5692628360496,900,1350,1800,1080.0,1620.0,2160.0,-352.4307371639504,-802.4307371639504,-1252.4307371639504,-532.4307371639504,-1072.4307371639504,-1612.4307371639504,0.010181519904514703,0.011359415460045838,-0.007311234278565066,-0.016646559147870516,-0.02598188401717597,-0.011045364226287246,-0.022247754069453788,-0.03345014391262033
Alberta,2025,0.0,Lowest quintile,275468.0,1663.0,820.0,,48204.0,1.3190833333333334,1.3772731481481484,1260.7239876176636,,0.0858479021,70.395279722,1890.324446374866,0.0,0.0,0.0,0.0,0.0,,0.0,0.0,0.0,,,0.0,zero_price,0.0,0.0,0.0,0,0,0,0.0,0.0,0.0,0.0,0.0,0.0,0.0,0.0,0.0,0.0,0.0,0.0,0.0,0.0,0.0,0.0,0.0
Alberta,2019,20.0,Second quintile,265583.0,1858.0,843.0,38.0,69147.0,1.0416666666666667,1.1994166666666668,1783.6799999999998,31.682067671784893,0.0858479021,72.3697814703,1943.345741821966,0.0,0.0,0.0,0.0,0.0,0.0,0.0,0.0,0.0,,,0.8020476837160007,ols_fitted,0.8020476837160007,0.0,0.0,0,0,0,0.0,0.0,0.0,0.0,0.0,0.0,0.0,0.0,0.0,0.0,0.0,0.0,0.0,0.0,0.0,0.0,0.0
Alberta,2020,30.0,Second quintile,271607.0,1724.5,938.0,38.75,68713.0,0.92125,1.0184305555555557,1871.9131614654002,38.048740573049486,0.0858479021,80.5253321698,2162.3467447556395,0.0663,0.0805,0.0587,1.5762711000000003,124.10784260515602,3.0629236161304836,126.92975391715605,254.10052013844256,324.33909588733985,,,0.6851504087703777,ols_fitted,0.6851504087703777,174.0970752416195,428.19759538006207,444,666,888,488.40000000000003,732.6,976.8000000000001,-15.802404619937931,-237.80240461993793,-459.80240461993793,-60.202404619937965,-304.40240461993795,-548.6024046199379,0.003697997760808618,0.006231682438258584,-0.00022997692750917486,-0.003460806610393054,-0.006691636293276934,-0.0008761428640859512,-0.0044300555152582185,-0.007983968166430485
Alberta,2021,40.0,Second quintile,292809.0,1591.0,1033.0,39.5,68279.0,1.2632083333333333,1.2413703703703705,1259.4913744763664,31.819673598472416,0.0858479021,88.68088286929999,2381.3477476893127,0.0884,0.1073,0.0783,2.1025899,111.3390375037108,3.4142509771160903,186.45952864407317,301.2128171249001,370.661989251818,598.0,0.6133297110045306,0.5682531338247546,anchor,0.6133297110045306,184.74277007807547,485.95558720297555,490,735,981,539.0,808.5000000000001,1079.1000000000001,-4.0444127970244494,-249.04441279702445,-495.04441279702445,-53.04441279702445,-322.54441279702456,-593.1444127970246,0.004411500126318488,0.007117204223889857,-5.923362669377773e-05,-0.003647452551985595,-0.007250317268809216,-0.0007768774117521412,-0.004723918229573142,-0.008687069418079126
Alberta,2022,50.0,Second quintile,276414.0,2652.5,1101.0,40.25,74299.5,1.5502500000000001,1.9040648148148147,1711.0143525237863,21.138986281785073,0.0858479021,94.51854021209999,2538.106360315521,0.1105,0.1341,0.0979,2.6289087,189.0670859538784,2.834738060387378,248.48061267488953,440.38243668915527,503.14329574662,700.0,0.39125375597276335,0.45135585887913154,anchor,0.39125375597276335,172.3012824190697,612.683719108225,539,809,1079,592.9000000000001,889.9000000000001,1186.9,73.68371910822498,-196.31628089177502,-466.316280891775,19.783719108224886,-277.2162808917751,-574.2162808917751,0.0059271251716250485,0.008246135157144058,0.000991712179869649,-0.002642228829154638,-0.0062761698381789245,0.0002662698821422067,-0.0037310652277845087,-0.007728400337711224
Alberta,2023,65.0,Second quintile,308066.0,3714.0,1169.0,41.0,80320.0,1.3554166666666665,1.7136805555555554,2740.1168152474643,23.92511245289136,0.0858479021,100.35619755489999,2694.86497294173,0.1431,0.1738,0.1239,3.3270867,392.11071626191216,4.158184544312518,333.8937701474803,730.162670953705,797.612851214173,,,0.276009946460697,ols_fitted,0.276009946460697,201.53215971753173,931.6948306712367,772,1158,1544,849.2,1273.8000000000002,1698.4,159.69483067123667,-226.30516932876333,-612.3051693287633,82.49483067123663,-342.1051693287635,-766.7051693287634,0.009090670704104893,0.011599786238436712,0.001988232453576154,-0.0028175444388541253,-0.007623321331284404,0.0010270770750900975,-0.004259277506583211,-0.009545632088256517
Alberta,2024,80.0,Second quintile,312695.0,3714.0,1169.0,41.0,80320.0,1.4460833333333332,1.4738935185185185,2568.3167175704493,27.8174776433043,0.0858479021,100.35619755489999,2694.86497294173,0.1761,0.2139,0.1525,4.0950825,452.28057396415613,5.95015846790279,410.96690837361376,869.1976408056727,946.4998491325664,1056.0,0.11568955976885431,0.10066403404226243,anchor,0.11568955976885431,100.557092416935,969.7547332226077,900,1350,1800,1080.0,1620.0,2160.0,69.75473322260768,-380.2452667773923,-830.2452667773923,-110.24526677739232,-650.2452667773923,-1190.2452667773923,0.010821683774971025,0.012073639606855176,0.0008684603239866494,-0.0047341293174476134,-0.010336718958881877,-0.0013725755325870556,-0.008095683102308172,-0.014818790672029286
Alberta,2025,0.0,Second quintile,312695.0,3714.0,1169.0,41.0,80320.0,1.3190833333333334,1.3772731481481484,2815.591635605534,29.76896780070657,0.0858479021,100.35619755489999,2694.86497294173,0.0,0.0,0.0,0.0,0.0,0.0,0.0,0.0,0.0,,,0.0,zero_price,0.0,0.0,0.0,0,0,0,0.0,0.0,0.0,0.0,0.0,0.0,0.0,0.0,0.0,0.0,0.0,0.0,0.0,0.0,0.0,0.0,0.0
Alberta,2019,20.0,Third quintile,310740.0,2222.0,971.0,30.0,96253.0,1.0416666666666667,1.1994166666666668,2133.12,25.01215868825123,0.0858479021,83.3583129391,2238.4207773536523,0.0,0.0,0.0,0.0,0.0,0.0,0.0,0.0,0.0,,,0.8020476837160007,ols_fitted,0.8020476837160007,0.0,0.0,0,0,0,0.0,0.0,0.0,0.0,0.0,0.0,0.0,0.0,0.0,0.0,0.0,0.0,0.0,0.0,0.0,0.0,0.0
Alberta,2020,30.0,Third quintile,296182.0,2080.0,961.5,37.5,91809.5,0.92125,1.0184305555555557,2257.801899592944,36.821361844886596,0.0858479021,82.54275786915,2216.520677060285,0.0663,0.0805,0.0587,1.5762711000000003,149.6922659430122,2.964119628513371,130.10976374343875,282.7661493149643,324.33909588733985,,,0.6851504087703777,ols_fitted,0.6851504087703777,193.73734278957346,476.50349210453777,444,666,888,488.40000000000003,732.6,976.8000000000001,32.50349210453777,-189.49650789546223,-411.49650789546223,-11.896507895462264,-256.09650789546225,-500.2965078954623,0.0030799225495723678,0.00519013274339298,0.0003540319041552102,-0.0020640185154636747,-0.00448206893508256,-0.00012957817976856712,-0.0027894336413493404,-0.005449289102930114
Alberta,2021,40.0,Third quintile,274423.0,1938.0,952.0,45.0,87366.0,1.2632083333333333,1.2413703703703705,1534.1887389913252,36.25026106155085,0.0858479021,81.7272027992,2194.6205767669176,0.0884,0.1073,0.0783,2.1025899,135.62228452683317,3.889653011904407,171.83879116084964,311.3507286995872,370.661989251818,598.0,0.6133297110045306,0.5682531338247546,anchor,0.6133297110045306,190.96065245436785,502.31138115395504,490,735,981,539.0,808.5000000000001,1079.1000000000001,12.31138115395504,-232.68861884604496,-478.68861884604496,-36.68861884604496,-306.1886188460451,-576.7886188460451,0.003563751673415141,0.005749506457362762,0.00014091730368741891,-0.0026633772731502526,-0.005479117950301547,-0.00041994161168011537,-0.003504665646201555,-0.0066019803910679796
Alberta,2022,50.0,Third quintile,285966.0,2428.5,1193.5,52.5,96569.0,1.5502500000000001,1.9040648148148147,1566.5215287856795,27.572590802328353,0.0858479021,102.45947115634999,2751.3441789614667,0.1105,0.1341,0.0979,2.6289087,173.10062893081758,3.697484426592232,269.3565951203276,446.1547084777374,503.14329574662,700.0,0.39125375597276335,0.45135585887913154,anchor,0.39125375597276335,174.559705436848,620.7144139145854,539,809,1079,592.9000000000001,889.9000000000001,1186.9,81.7144139145854,-188.2855860854146,-458.2855860854146,27.814413914585316,-269.1855860854147,-566.1855860854147,0.004620061391106229,0.00642767776320129,0.0008461764532571054,-0.0019497518467149354,-0.004745680146686976,0.0002880263222626859,-0.002787494807706559,-0.005863015937675803
Alberta,2023,65.0,Third quintile,280407.0,2919.0,1435.0,60.0,105772.0,1.3554166666666665,1.7136805555555554,2153.581309560406,35.01235968715808,0.0858479021,123.1917395135,3308.0677811560154,0.1431,0.1738,0.1239,3.3270867,308.1774853980941,6.085148113628075,409.86959808523034,724.1322315969526,797.612851214173,,,0.276009946460697,ols_fitted,0.276009946460697,199.86769847354003,923.9999300704926,772,1158,1544,849.2,1273.8000000000002,1698.4,151.9999300704926,-234.0000699295074,-620.0000699295074,74.79993007049256,-349.8000699295076,-774.4000699295075,0.006846161853769925,0.00873577062049023,0.0014370526232887022,-0.0022123063753120616,-0.0058616653739128255,0.000707180823568549,-0.0033071140748922928,-0.007321408973353132
Alberta,2024,80.0,Third quintile,267815.0,2919.0,1435.0,60.0,105772.0,1.4460833333333332,1.4738935185185185,2018.5558693021383,40.7085038682502,0.0858479021,123.1917395135,3308.0677811560154,0.1761,0.2139,0.1525,4.0950825,355.46768858410655,8.707548977418718,504.4803366262924,868.6555741878176,946.4998491325664,1056.0,0.11568955976885431,0.10066403404226243,anchor,0.11568955976885431,100.49438096854999,969.1499551563676,900,1350,1800,1080.0,1620.0,2160.0,69.14995515636758,-380.8500448436324,-830.8500448436324,-110.85004484363242,-650.8500448436324,-1190.8500448436325,0.008212528591572605,0.00916263240892077,0.0006537642774682107,-0.0036006697882580685,-0.007855103853984347,-0.001048009348822301,-0.006153330227693836,-0.011258651106565373
Alberta,2025,0.0,Third quintile,267815.0,2919.0,1435.0,60.0,105772.0,1.3190833333333334,1.3772731481481484,2212.9003727335903,43.56434312298523,0.0858479021,123.1917395135,3308.0677811560154,0.0,0.0,0.0,0.0,0.0,0.0,0.0,0.0,0.0,,,0.0,zero_price,0.0,0.0,0.0,0,0,0,0.0,0.0,0.0,0.0,0.0,0.0,0.0,0.0,0.0,0.0,0.0,0.0,0.0,0.0,0.0,0.0,0.0
Alberta,2019,20.0,Fourth quintile,351339.0,3804.0,1167.0,46.0,125637.0,1.0416666666666667,1.1994166666666668,3651.8399999999997,38.35197665531855,0.0858479021,100.1845017507,2690.254425511547,0.0,0.0,0.0,0.0,0.0,0.0,0.0,0.0,0.0,,,0.8020476837160007,ols_fitted,0.8020476837160007,0.0,0.0,0,0,0,0.0,0.0,0.0,0.0,0.0,0.0,0.0,0.0,0.0,0.0,0.0,0.0,0.0,0.0,0.0,0.0,0.0
Alberta,2020,30.0,Fourth quintile,362951.0,3145.0,1249.5,62.5,124584.0,0.92125,1.0184305555555557,3413.8398914518316,61.36893640814433,0.0858479021,107.26695367395,2880.4395070065793,0.0663,0.0805,0.0587,1.5762711000000003,226.33758480325642,4.940199380855619,169.08179906128623,400.3595832453983,324.33909588733985,,,0.6851504087703777,ols_fitted,0.6851504087703777,274.3065321157227,674.666115361121,444,666,888,488.40000000000003,732.6,976.8000000000001,230.666115361121,8.666115361121001,-213.333884638879,186.26611536112097,-57.93388463887902,-302.13388463887907,0.0032135714316878436,0.0054153512117215774,0.001851490683884937,6.956041996661691e-05,-0.0017123698439517033,0.0014951046311012727,-0.0004650186592088793,-0.002425141949519032
Alberta,2021,40.0,Fourth quintile,374880.0,2486.0,1332.0,79.0,123531.0,1.2632083333333333,1.2413703703703705,1968.0047498103374,63.63934719694483,0.0858479021,114.3494055972,3070.624588501612,0.0884,0.1073,0.0783,2.1025899,173.97161988323384,6.8285019542321805,240.42990527967618,421.2300271171422,370.661989251818,598.0,0.6133297110045306,0.5682531338247546,anchor,0.6133297110045306,258.35289079818745,679.5829179153296,490,735,981,539.0,808.5000000000001,1079.1000000000001,189.58291791532963,-55.41708208467037,-301.41708208467037,140.58291791532963,-128.91708208467048,-399.5170820846705,0.0034099135206316,0.005501314794791021,0.0015346991274686485,-0.00044860870619253763,-0.0024400116738686676,0.0011380375607364115,-0.0010436010562908944,-0.0032341443207346376
Alberta,2022,50.0,Fourth quintile,361048.0,3069.0,1340.5,73.0,126419.0,1.5502500000000001,1.9040648148148147,1979.6806966618285,38.339031020380375,0.0858479021,115.07911276505,3090.2194150798878,0.1105,0.1341,0.0979,2.6289087,218.75471698113205,5.141264059833008,302.532480736321,526.4284617772861,503.14329574662,700.0,0.39125375597276335,0.45135585887913154,anchor,0.39125375597276335,205.9671129213275,732.3955746986136,539,809,1079,592.9000000000001,889.9000000000001,1186.9,193.3955746986136,-76.60442530138641,-346.6044253013864,139.4955746986135,-157.5044253013865,-454.5044253013865,0.004164156193114058,0.005793397944127177,0.0015297983269810201,-0.0006059565832777226,-0.002741711493536465,0.0011034383652664037,-0.0012458920360182133,-0.00359522243730283
Alberta,2023,65.0,Fourth quintile,403911.0,3652.0,1349.0,67.0,129307.0,1.3554166666666665,1.7136805555555554,2694.3744236089765,39.09713498399319,0.0858479021,115.8088199329,3109.8142416581636,0.1431,0.1738,0.1239,3.3270867,385.56498001844454,6.795082060218017,385.3059845414465,777.666046620109,797.612851214173,,,0.276009946460697,ols_fitted,0.276009946460697,214.64356389191823,992.3096105120272,772,1158,1544,849.2,1273.8000000000002,1698.4,220.30961051202723,-165.69038948797277,-551.6903894879728,143.1096105120272,-281.49038948797295,-706.0903894879729,0.00601410632541246,0.007674059490298493,0.001703771725521644,-0.0012813721568667804,-0.004266516039255205,0.0011067429490439588,-0.002176915321583309,-0.0054605735922105755
Alberta,2024,80.0,Fourth quintile,430406.0,3652.0,1349.0,67.0,129307.0,1.4460833333333332,1.4738935185185185,2525.4422866363166,45.45782931954605,0.0858479021,115.8088199329,3109.8142416581636,0.1761,0.2139,0.1525,4.0950825,444.73038667665537,9.723429691450901,474.24667185286995,928.7004882209762,946.4998491325664,1056.0,0.11568955976885431,0.10066403404226243,anchor,0.11568955976885431,107.44095063940472,1036.141438860381,900,1350,1800,1080.0,1620.0,2160.0,136.14143886038096,-313.85856113961904,-763.858561139619,-43.85856113961904,-583.858561139619,-1123.858561139619,0.0071821362201657775,0.0080130343976767,0.0010528543610197512,-0.002427235657308723,-0.005907325675637197,-0.0003391816463116385,-0.004515289668305808,-0.008691397690299977
Alberta,2025,0.0,Fourth quintile,430406.0,3652.0,1349.0,67.0,129307.0,1.3190833333333334,1.3772731481481484,2768.589298123697,48.64684982066684,0.0858479021,115.8088199329,3109.8142416581636,0.0,0.0,0.0,0.0,0.0,0.0,0.0,0.0,0.0,,,0.0,zero_price,0.0,0.0,0.0,0,0,0,0.0,0.0,0.0,0.0,0.0,0.0,0.0,0.0,0.0,0.0,0.0,0.0,0.0,0.0,0.0,0.0,0.0
Alberta,2019,20.0,Highest quintile,566337.0,2608.0,1447.0,38.0,221396.0,1.0416666666666667,1.1994166666666668,2503.68,31.682067671784893,0.0858479021,124.2219143387,3335.7310657371113,0.0,0.0,0.0,0.0,0.0,0.0,0.0,0.0,0.0,,,0.8020476837160007,ols_fitted,0.8020476837160007,0.0,0.0,0,0,0,0.0,0.0,0.0,0.0,0.0,0.0,0.0,0.0,0.0,0.0,0.0,0.0,0.0,0.0,0.0,0.0,0.0
Alberta,2020,30.0,Highest quintile,564635.0,2682.5,1466.5,69.5,207955.5,0.92125,1.0184305555555557,2911.8046132971504,68.2422572858565,0.0858479021,125.89594842964999,3380.6839031813915,0.0663,0.0805,0.0587,1.5762711000000003,193.05264586160106,5.493501711511448,198.4461451167477,396.99229268986016,324.33909588733985,,,0.6851504087703777,ols_fitted,0.6851504087703777,271.99943161514716,668.9917243050073,444,666,888,488.40000000000003,732.6,976.8000000000001,224.99172430500732,2.991724305007324,-219.00827569499268,180.5917243050073,-63.6082756949927,-307.80827569499274,0.001909025213037694,0.0032169946181034277,0.0010819224512215707,1.4386367780642127e-05,-0.0010531497156602864,0.0008684152345333848,-0.00030587445725163654,-0.001480164149036658
Alberta,2021,40.0,Highest quintile,587757.0,2757.0,1486.0,101.0,194515.0,1.2632083333333333,1.2413703703703705,2182.5378500511265,81.36169704925858,0.0858479021,127.56998252059999,3425.636740625672,0.0884,0.1073,0.0783,2.1025899,192.9363459445196,8.730110093385447,268.2273567909901,469.8938128288951,370.661989251818,598.0,0.6133297110045306,0.5682531338247546,anchor,0.6133297110045306,288.1998364251632,758.0936492540583,490,735,981,539.0,808.5000000000001,1079.1000000000001,268.0936492540583,23.093649254058278,-222.90635074594172,219.09364925405828,-50.406350745941836,-321.00635074594186,0.0024157201903652423,0.0038973531565897656,0.0013782672249135453,0.0001187242590754352,-0.0011459596984599734,0.0011263586317459234,-0.0002591386306759984,-0.001650290983964948
Alberta,2022,50.0,Highest quintile,596608.0,3607.5,1705.5,86.5,217182.0,1.5502500000000001,1.9040648148148147,2327.0440251572327,45.42912579812195,0.0858479021,146.41359703154998,3931.644321088212,0.1105,0.1341,0.0979,2.6289087,257.1383647798742,6.092045769528154,384.90797903453597,648.1383895839383,503.14329574662,700.0,0.39125375597276335,0.45135585887913154,anchor,0.39125375597276335,253.58657931485402,901.7249688987923,539,809,1079,592.9000000000001,889.9000000000001,1186.9,362.7249688987923,92.72496889879233,-177.27503110120767,308.82496889879224,11.824968898792235,-285.17503110120776,0.0029843098856440144,0.004151932337388883,0.0016701428704901527,0.00042694592046667003,-0.0008162510295568126,0.0014219639238002792,5.4447278774448325e-05,-0.0013130693662513826
Alberta,2023,65.0,Highest quintile,610125.0,4458.0,1925.0,72.0,239849.0,1.3554166666666665,1.7136805555555554,3289.025514909315,42.0148316245897,0.0858479021,165.2572115425,4437.651901550753,0.1431,0.1738,0.1239,3.3270867,470.659551183523,7.302177736353691,549.8250706021382,1027.786799522015,797.612851214173,,,0.276009946460697,ols_fitted,0.276009946460697,283.67937950908254,1311.4661790310975,772,1158,1544,849.2,1273.8000000000002,1698.4,539.4661790310975,153.46617903109745,-232.53382096890255,462.2661790310974,37.66617903109727,-386.93382096890264,0.004285141065929043,0.005467882622112652,0.002249190861880172,0.0006398449817639325,-0.0009695008983523072,0.0019273216858569243,0.00015704121772905984,-0.0016132392503988035
Alberta,2024,80.0,Highest quintile,628458.0,4458.0,1925.0,72.0,239849.0,1.4460833333333332,1.4738935185185185,3082.8098887800384,48.850204641900234,0.0858479021,165.2572115425,4437.651901550753,0.1761,0.2139,0.1525,4.0950825,542.8828214141648,10.449058772902461,676.7419149864897,1230.073795173557,946.4998491325664,1056.0,0.11568955976885431,0.10066403404226243,anchor,0.11568955976885431,142.30669584683278,1372.3804910203899,900,1350,1800,1080.0,1620.0,2160.0,472.38049102038985,22.380491020389854,-427.61950897961015,292.38049102038985,-247.61950897961015,-787.6195089796101,0.005128534182646403,0.005721852044496286,0.0019694911841216345,9.331075393430806e-05,-0.001782869676253018,0.0012190190120467037,-0.0010323975041780877,-0.003283814020402879
Alberta,2025,0.0,Highest quintile,628458.0,4458.0,1925.0,72.0,239849.0,1.3190833333333334,1.3772731481481484,3379.6196853875795,52.27721174758227,0.0858479021,165.2572115425,4437.651901550753,0.0,0.0,0.0,0.0,0.0,0.0,0.0,0.0,0.0,,,0.0,zero_price,0.0,0.0,0.0,0,0,0,0.0,0.0,0.0,0.0,0.0,0.0,0.0,0.0,0.0,0.0,0.0,0.0,0.0,0.0,0.0,0.0,0.0
